codmun,ano,is_top_100,regiao
110001,2007,0,Norte
110001,2010,0,Norte
110002,2007,0,Norte
110002,2010,0,Norte
110003,2007,0,Norte
110003,2010,0,Norte
110004,2007,0,Norte
110004,2010,0,Norte
110005,2007,0,Norte
110005,2010,0,Norte
110006,2007,0,Norte
110006,2010,0,Norte
110007,2007,0,Norte
110007,2010,0,Norte
110008,2007,0,Norte
110008,2010,0,Norte
110009,2007,0,Norte
110009,2010,0,Norte
110010,2007,0,Norte
110010,2010,0,Norte
110011,2007,0,Norte
110011,2010,0,Norte
110012,2007,0,Norte
110012,2010,0,Norte
110013,2007,0,Norte
110013,2010,0,Norte
110014,2007,0,Norte
110014,2010,0,Norte
110015,2007,0,Norte
110015,2010,0,Norte
110018,2007,0,Norte
110018,2010,0,Norte
110020,2007,1,Norte
110020,2010,1,Norte
110026,2007,0,Norte
110026,2010,0,Norte
110028,2007,0,Norte
110028,2010,0,Norte
110029,2007,0,Norte
110029,2010,0,Norte
110030,2007,0,Norte
110030,2010,0,Norte
110032,2007,0,Norte
110032,2010,0,Norte
110033,2007,0,Norte
110033,2010,0,Norte
110034,2007,0,Norte
110034,2010,0,Norte
110037,2007,0,Norte
110037,2010,0,Norte
110050,2007,0,Norte
110050,2010,0,Norte
110060,2007,0,Norte
110060,2010,0,Norte
110070,2007,0,Norte
110070,2010,0,Norte
110080,2007,0,Norte
110080,2010,0,Norte
110090,2007,0,Norte
110090,2010,0,Norte
110092,2007,0,Norte
110092,2010,0,Norte
110094,2007,0,Norte
110094,2010,0,Norte
110100,2007,0,Norte
110100,2010,0,Norte
110110,2007,0,Norte
110110,2010,0,Norte
110120,2007,0,Norte
110120,2010,0,Norte
110130,2007,0,Norte
110130,2010,0,Norte
110140,2007,0,Norte
110140,2010,0,Norte
110145,2007,0,Norte
110145,2010,0,Norte
110146,2007,0,Norte
110146,2010,0,Norte
110147,2007,0,Norte
110147,2010,0,Norte
110148,2007,0,Norte
110148,2010,0,Norte
110149,2007,0,Norte
110149,2010,0,Norte
110150,2007,0,Norte
110150,2010,0,Norte
110155,2007,0,Norte
110155,2010,0,Norte
110160,2007,0,Norte
110160,2010,0,Norte
110170,2007,0,Norte
110170,2010,0,Norte
110175,2007,0,Norte
110175,2010,0,Norte
110180,2007,0,Norte
110180,2010,0,Norte
120001,2007,0,Norte
120001,2010,0,Norte
120005,2007,0,Norte
120005,2010,0,Norte
120010,2007,0,Norte
120010,2010,0,Norte
120013,2007,0,Norte
120013,2010,0,Norte
120017,2007,0,Norte
120017,2010,0,Norte
120025,2007,0,Norte
120025,2010,0,Norte
120030,2007,0,Norte
120030,2010,0,Norte
120032,2007,0,Norte
120032,2010,0,Norte
120033,2007,0,Norte
120033,2010,0,Norte
120034,2007,0,Norte
120034,2010,0,Norte
120035,2007,0,Norte
120035,2010,0,Norte
120038,2007,0,Norte
120038,2010,0,Norte
120039,2007,0,Norte
120039,2010,0,Norte
120042,2007,0,Norte
120042,2010,0,Norte
120043,2007,0,Norte
120043,2010,0,Norte
120045,2007,0,Norte
120045,2010,0,Norte
120050,2007,0,Norte
120050,2010,0,Norte
120060,2007,0,Norte
120060,2010,0,Norte
120070,2007,0,Norte
120070,2010,0,Norte
120080,2007,0,Norte
120080,2010,0,Norte
130002,2007,0,Norte
130002,2010,0,Norte
130006,2007,0,Norte
130006,2010,0,Norte
130008,2007,0,Norte
130008,2010,0,Norte
130010,2007,0,Norte
130010,2010,0,Norte
130014,2007,0,Norte
130014,2010,0,Norte
130020,2007,0,Norte
130020,2010,0,Norte
130030,2007,0,Norte
130030,2010,0,Norte
130040,2007,0,Norte
130040,2010,0,Norte
130050,2007,0,Norte
130050,2010,0,Norte
130060,2007,0,Norte
130060,2010,0,Norte
130063,2007,0,Norte
130063,2010,0,Norte
130068,2007,0,Norte
130068,2010,0,Norte
130070,2007,0,Norte
130070,2010,0,Norte
130080,2007,0,Norte
130080,2010,0,Norte
130083,2007,0,Norte
130083,2010,0,Norte
130090,2007,0,Norte
130090,2010,0,Norte
130100,2007,0,Norte
130100,2010,0,Norte
130110,2007,0,Norte
130110,2010,0,Norte
130115,2007,0,Norte
130115,2010,0,Norte
130120,2007,0,Norte
130120,2010,0,Norte
130130,2007,0,Norte
130130,2010,0,Norte
130140,2007,0,Norte
130140,2010,0,Norte
130150,2007,0,Norte
130150,2010,0,Norte
130160,2007,0,Norte
130160,2010,0,Norte
130165,2007,0,Norte
130165,2010,0,Norte
130180,2007,0,Norte
130180,2010,0,Norte
130185,2007,0,Norte
130185,2010,0,Norte
130190,2007,0,Norte
130190,2010,0,Norte
130195,2007,0,Norte
130195,2010,0,Norte
130220,2007,0,Norte
130220,2010,0,Norte
130230,2007,0,Norte
130230,2010,0,Norte
130240,2007,0,Norte
130240,2010,0,Norte
130250,2007,0,Norte
130250,2010,0,Norte
130255,2007,0,Norte
130255,2010,0,Norte
130260,2007,1,Norte
130260,2010,1,Norte
130270,2007,0,Norte
130270,2010,0,Norte
130280,2007,0,Norte
130280,2010,0,Norte
130290,2007,0,Norte
130290,2010,0,Norte
130300,2007,0,Norte
130300,2010,0,Norte
130310,2007,0,Norte
130310,2010,0,Norte
130320,2007,0,Norte
130320,2010,0,Norte
130330,2007,0,Norte
130330,2010,0,Norte
130340,2007,0,Norte
130340,2010,0,Norte
130350,2007,0,Norte
130350,2010,0,Norte
130353,2007,0,Norte
130353,2010,0,Norte
130356,2007,0,Norte
130356,2010,0,Norte
130360,2007,0,Norte
130360,2010,0,Norte
130370,2007,0,Norte
130370,2010,0,Norte
130380,2007,0,Norte
130380,2010,0,Norte
130390,2007,0,Norte
130390,2010,0,Norte
130395,2007,0,Norte
130395,2010,0,Norte
130400,2007,0,Norte
130400,2010,0,Norte
130410,2007,0,Norte
130410,2010,0,Norte
130420,2007,0,Norte
130420,2010,0,Norte
130423,2007,0,Norte
130423,2010,0,Norte
130426,2007,0,Norte
130426,2010,0,Norte
130430,2007,0,Norte
130430,2010,0,Norte
130440,2007,0,Norte
130440,2010,0,Norte
140002,2007,0,Norte
140002,2010,0,Norte
140017,2007,0,Norte
140017,2010,0,Norte
140020,2007,0,Norte
140020,2010,0,Norte
140023,2007,0,Norte
140023,2010,0,Norte
140030,2007,0,Norte
140030,2010,0,Norte
140040,2007,0,Norte
140040,2010,0,Norte
140045,2007,0,Norte
140045,2010,0,Norte
140047,2007,0,Norte
140047,2010,0,Norte
140050,2007,0,Norte
140050,2010,0,Norte
140060,2007,0,Norte
140060,2010,0,Norte
140070,2007,0,Norte
140070,2010,0,Norte
150010,2007,0,Norte
150010,2010,0,Norte
150013,2007,0,Norte
150013,2010,0,Norte
150020,2007,0,Norte
150020,2010,0,Norte
150030,2007,0,Norte
150030,2010,0,Norte
150034,2007,0,Norte
150034,2010,0,Norte
150040,2007,0,Norte
150040,2010,0,Norte
150050,2007,0,Norte
150050,2010,0,Norte
150060,2007,0,Norte
150060,2010,0,Norte
150070,2007,0,Norte
150070,2010,0,Norte
150080,2007,1,Norte
150080,2010,1,Norte
150085,2007,0,Norte
150085,2010,0,Norte
150090,2007,0,Norte
150090,2010,0,Norte
150095,2007,0,Norte
150095,2010,0,Norte
150100,2007,0,Norte
150100,2010,0,Norte
150110,2007,0,Norte
150110,2010,0,Norte
150120,2007,0,Norte
150120,2010,0,Norte
150125,2007,0,Norte
150125,2010,0,Norte
150130,2007,0,Norte
150130,2010,0,Norte
150145,2007,0,Norte
150145,2010,0,Norte
150150,2007,0,Norte
150150,2010,0,Norte
150170,2007,0,Norte
150170,2010,0,Norte
150172,2007,0,Norte
150172,2010,0,Norte
150175,2007,0,Norte
150175,2010,0,Norte
150178,2007,0,Norte
150178,2010,0,Norte
150180,2007,0,Norte
150180,2010,0,Norte
150190,2007,0,Norte
150190,2010,0,Norte
150195,2007,0,Norte
150195,2010,0,Norte
150200,2007,0,Norte
150200,2010,0,Norte
150210,2007,0,Norte
150210,2010,0,Norte
150215,2007,0,Norte
150215,2010,0,Norte
150230,2007,0,Norte
150230,2010,0,Norte
150240,2007,0,Norte
150240,2010,0,Norte
150250,2007,0,Norte
150250,2010,0,Norte
150260,2007,0,Norte
150260,2010,0,Norte
150270,2007,0,Norte
150270,2010,0,Norte
150275,2007,0,Norte
150275,2010,0,Norte
150276,2007,0,Norte
150276,2010,0,Norte
150277,2007,0,Norte
150277,2010,0,Norte
150280,2007,0,Norte
150280,2010,0,Norte
150285,2007,0,Norte
150285,2010,0,Norte
150290,2007,0,Norte
150290,2010,0,Norte
150293,2007,0,Norte
150293,2010,0,Norte
150295,2007,0,Norte
150295,2010,0,Norte
150300,2007,0,Norte
150300,2010,0,Norte
150304,2007,0,Norte
150304,2010,0,Norte
150307,2007,0,Norte
150307,2010,0,Norte
150309,2007,0,Norte
150309,2010,0,Norte
150310,2007,0,Norte
150310,2010,0,Norte
150320,2007,0,Norte
150320,2010,0,Norte
150330,2007,0,Norte
150330,2010,0,Norte
150340,2007,0,Norte
150340,2010,0,Norte
150345,2007,0,Norte
150345,2010,0,Norte
150350,2007,0,Norte
150350,2010,0,Norte
150360,2007,0,Norte
150360,2010,0,Norte
150370,2007,0,Norte
150370,2010,0,Norte
150375,2007,0,Norte
150375,2010,0,Norte
150380,2007,0,Norte
150380,2010,0,Norte
150390,2007,0,Norte
150390,2010,0,Norte
150400,2007,0,Norte
150400,2010,0,Norte
150405,2007,0,Norte
150405,2010,0,Norte
150410,2007,0,Norte
150410,2010,0,Norte
150420,2007,0,Norte
150420,2010,0,Norte
150430,2007,0,Norte
150430,2010,0,Norte
150440,2007,0,Norte
150440,2010,0,Norte
150442,2007,0,Norte
150442,2010,0,Norte
150445,2007,0,Norte
150445,2010,0,Norte
150450,2007,0,Norte
150450,2010,0,Norte
150460,2007,0,Norte
150460,2010,0,Norte
150470,2007,0,Norte
150470,2010,0,Norte
150490,2007,0,Norte
150490,2010,0,Norte
150495,2007,0,Norte
150495,2010,0,Norte
150497,2007,0,Norte
150497,2010,0,Norte
150500,2007,0,Norte
150500,2010,0,Norte
150503,2007,0,Norte
150503,2010,0,Norte
150506,2007,0,Norte
150506,2010,0,Norte
150510,2007,0,Norte
150510,2010,0,Norte
150520,2007,0,Norte
150520,2010,0,Norte
150530,2007,0,Norte
150530,2010,0,Norte
150540,2007,0,Norte
150540,2010,0,Norte
150543,2007,0,Norte
150543,2010,0,Norte
150548,2007,0,Norte
150548,2010,0,Norte
150549,2007,0,Norte
150549,2010,0,Norte
150550,2007,0,Norte
150550,2010,0,Norte
150553,2007,0,Norte
150553,2010,0,Norte
150560,2007,0,Norte
150560,2010,0,Norte
150563,2007,0,Norte
150563,2010,0,Norte
150565,2007,0,Norte
150565,2010,0,Norte
150570,2007,0,Norte
150570,2010,0,Norte
150580,2007,0,Norte
150580,2010,0,Norte
150590,2007,0,Norte
150590,2010,0,Norte
150600,2007,0,Norte
150600,2010,0,Norte
150611,2007,0,Norte
150611,2010,0,Norte
150616,2007,0,Norte
150616,2010,0,Norte
150618,2007,0,Norte
150618,2010,0,Norte
150619,2007,0,Norte
150619,2010,0,Norte
150620,2007,0,Norte
150620,2010,0,Norte
150630,2007,0,Norte
150630,2010,0,Norte
150635,2007,0,Norte
150635,2010,0,Norte
150640,2007,0,Norte
150640,2010,0,Norte
150655,2007,0,Norte
150655,2010,0,Norte
150658,2007,0,Norte
150658,2010,0,Norte
150660,2007,0,Norte
150660,2010,0,Norte
150670,2007,0,Norte
150670,2010,0,Norte
150680,2007,0,Norte
150680,2010,0,Norte
150680,2010,0,Norte
150680,2010,0,Norte
150680,2010,0,Norte
150690,2007,0,Norte
150690,2010,0,Norte
150700,2007,0,Norte
150700,2010,0,Norte
150710,2007,0,Norte
150710,2010,0,Norte
150715,2007,0,Norte
150715,2010,0,Norte
150720,2007,0,Norte
150720,2010,0,Norte
150730,2007,0,Norte
150730,2010,0,Norte
150740,2007,0,Norte
150740,2010,0,Norte
150745,2007,0,Norte
150745,2010,0,Norte
150746,2007,0,Norte
150746,2010,0,Norte
150747,2007,0,Norte
150747,2010,0,Norte
150750,2007,0,Norte
150750,2010,0,Norte
150760,2007,0,Norte
150760,2010,0,Norte
150770,2007,0,Norte
150770,2010,0,Norte
150780,2007,0,Norte
150780,2010,0,Norte
150790,2007,0,Norte
150790,2010,0,Norte
150795,2007,0,Norte
150795,2010,0,Norte
150796,2007,0,Norte
150796,2010,0,Norte
150797,2007,0,Norte
150797,2010,0,Norte
150800,2007,0,Norte
150800,2010,0,Norte
150803,2007,0,Norte
150803,2010,0,Norte
150805,2007,0,Norte
150805,2010,0,Norte
150808,2007,0,Norte
150808,2010,0,Norte
150810,2007,0,Norte
150810,2010,0,Norte
150812,2007,0,Norte
150812,2010,0,Norte
150815,2007,0,Norte
150815,2010,0,Norte
150820,2007,0,Norte
150820,2010,0,Norte
150830,2007,0,Norte
150830,2010,0,Norte
150835,2007,0,Norte
150835,2010,0,Norte
150840,2007,0,Norte
150840,2010,0,Norte
160005,2007,0,Norte
160005,2010,0,Norte
160010,2007,0,Norte
160010,2010,0,Norte
160015,2007,0,Norte
160015,2010,0,Norte
160020,2007,0,Norte
160020,2010,0,Norte
160021,2007,0,Norte
160021,2010,0,Norte
160023,2007,0,Norte
160023,2010,0,Norte
160025,2007,0,Norte
160025,2010,0,Norte
160027,2007,0,Norte
160027,2010,0,Norte
160030,2007,1,Norte
160030,2010,1,Norte
160040,2007,0,Norte
160040,2010,0,Norte
160050,2007,0,Norte
160050,2010,0,Norte
160053,2007,0,Norte
160053,2010,0,Norte
160055,2007,0,Norte
160055,2010,0,Norte
160070,2007,0,Norte
160070,2010,0,Norte
160080,2007,0,Norte
160080,2010,0,Norte
170025,2007,0,Norte
170025,2010,0,Norte
170030,2007,0,Norte
170030,2010,0,Norte
170035,2007,0,Norte
170035,2010,0,Norte
170040,2007,0,Norte
170040,2010,0,Norte
170100,2007,0,Norte
170100,2010,0,Norte
170105,2007,0,Norte
170105,2010,0,Norte
170110,2007,0,Norte
170110,2010,0,Norte
170130,2007,0,Norte
170130,2010,0,Norte
170190,2007,0,Norte
170190,2010,0,Norte
170200,2007,0,Norte
170200,2010,0,Norte
170210,2007,0,Norte
170210,2010,0,Norte
170220,2007,0,Norte
170220,2010,0,Norte
170230,2007,0,Norte
170230,2010,0,Norte
170240,2007,0,Norte
170240,2010,0,Norte
170255,2007,0,Norte
170255,2010,0,Norte
170270,2007,0,Norte
170270,2010,0,Norte
170290,2007,0,Norte
170290,2010,0,Norte
170300,2007,0,Norte
170300,2010,0,Norte
170305,2007,0,Norte
170305,2010,0,Norte
170307,2007,0,Norte
170307,2010,0,Norte
170310,2007,0,Norte
170310,2010,0,Norte
170320,2007,0,Norte
170320,2010,0,Norte
170330,2007,0,Norte
170330,2010,0,Norte
170330,2010,0,Norte
170330,2010,0,Norte
170330,2010,0,Norte
170360,2007,0,Norte
170360,2010,0,Norte
170370,2007,0,Norte
170370,2010,0,Norte
170380,2007,0,Norte
170380,2010,0,Norte
170384,2007,0,Norte
170384,2010,0,Norte
170386,2007,0,Norte
170386,2010,0,Norte
170388,2007,0,Norte
170388,2010,0,Norte
170389,2007,0,Norte
170389,2010,0,Norte
170390,2007,0,Norte
170390,2010,0,Norte
170460,2007,0,Norte
170460,2010,0,Norte
170510,2007,0,Norte
170510,2010,0,Norte
170550,2007,0,Norte
170550,2010,0,Norte
170555,2007,0,Norte
170555,2010,0,Norte
170560,2007,0,Norte
170560,2010,0,Norte
170600,2007,0,Norte
170600,2010,0,Norte
170610,2007,0,Norte
170610,2010,0,Norte
170625,2007,0,Norte
170625,2010,0,Norte
170650,2007,0,Norte
170650,2010,0,Norte
170700,2007,0,Norte
170700,2010,0,Norte
170710,2007,0,Norte
170710,2010,0,Norte
170720,2007,0,Norte
170720,2010,0,Norte
170730,2007,0,Norte
170730,2010,0,Norte
170765,2007,0,Norte
170765,2010,0,Norte
170820,2007,0,Norte
170820,2010,0,Norte
170825,2007,0,Norte
170825,2010,0,Norte
170830,2007,0,Norte
170830,2010,0,Norte
170900,2007,0,Norte
170900,2010,0,Norte
170930,2007,0,Norte
170930,2010,0,Norte
170950,2007,0,Norte
170950,2010,0,Norte
171050,2007,0,Norte
171050,2010,0,Norte
171070,2007,0,Norte
171070,2010,0,Norte
171090,2007,0,Norte
171090,2010,0,Norte
171110,2007,0,Norte
171110,2010,0,Norte
171150,2007,0,Norte
171150,2010,0,Norte
171180,2007,0,Norte
171180,2010,0,Norte
171190,2007,0,Norte
171190,2010,0,Norte
171195,2007,0,Norte
171195,2010,0,Norte
171215,2007,0,Norte
171215,2010,0,Norte
171240,2007,0,Norte
171240,2010,0,Norte
171245,2007,0,Norte
171245,2010,0,Norte
171250,2007,0,Norte
171250,2010,0,Norte
171270,2007,0,Norte
171270,2010,0,Norte
171280,2007,0,Norte
171280,2010,0,Norte
171320,2007,0,Norte
171320,2010,0,Norte
171330,2007,0,Norte
171330,2010,0,Norte
171360,2007,0,Norte
171360,2010,0,Norte
171370,2007,0,Norte
171370,2010,0,Norte
171380,2007,0,Norte
171380,2010,0,Norte
171395,2007,0,Norte
171395,2010,0,Norte
171500,2007,0,Norte
171500,2010,0,Norte
171510,2007,0,Norte
171510,2010,0,Norte
171515,2007,0,Norte
171515,2010,0,Norte
171525,2007,0,Norte
171525,2010,0,Norte
171550,2007,0,Norte
171550,2010,0,Norte
171570,2007,0,Norte
171570,2010,0,Norte
171575,2007,0,Norte
171575,2010,0,Norte
171610,2007,0,Norte
171610,2010,0,Norte
171630,2007,0,Norte
171630,2010,0,Norte
171630,2010,0,Norte
171630,2010,0,Norte
171630,2010,0,Norte
171650,2007,0,Norte
171650,2010,0,Norte
171660,2007,0,Norte
171660,2010,0,Norte
171665,2007,0,Norte
171665,2010,0,Norte
171670,2007,0,Norte
171670,2010,0,Norte
171700,2007,0,Norte
171700,2010,0,Norte
171720,2007,0,Norte
171720,2010,0,Norte
171750,2007,0,Norte
171750,2010,0,Norte
171780,2007,0,Norte
171780,2010,0,Norte
171790,2007,0,Norte
171790,2010,0,Norte
171800,2007,0,Norte
171800,2010,0,Norte
171820,2007,0,Norte
171820,2010,0,Norte
171830,2007,0,Norte
171830,2010,0,Norte
171845,2007,0,Norte
171845,2010,0,Norte
171850,2007,0,Norte
171850,2010,0,Norte
171865,2007,0,Norte
171865,2010,0,Norte
171870,2007,0,Norte
171870,2010,0,Norte
171875,2007,0,Norte
171875,2010,0,Norte
171880,2007,0,Norte
171880,2010,0,Norte
171884,2007,0,Norte
171884,2010,0,Norte
171886,2007,0,Norte
171886,2010,0,Norte
171888,2007,0,Norte
171888,2010,0,Norte
171889,2007,0,Norte
171889,2010,0,Norte
171890,2007,0,Norte
171890,2010,0,Norte
171900,2007,0,Norte
171900,2010,0,Norte
172000,2007,0,Norte
172000,2010,0,Norte
172010,2007,0,Norte
172010,2010,0,Norte
172015,2007,0,Norte
172015,2010,0,Norte
172020,2007,0,Norte
172020,2010,0,Norte
172025,2007,0,Norte
172025,2010,0,Norte
172030,2007,0,Norte
172030,2010,0,Norte
172049,2007,0,Norte
172049,2010,0,Norte
172065,2007,0,Norte
172065,2010,0,Norte
172080,2007,0,Norte
172080,2010,0,Norte
172085,2007,0,Norte
172085,2010,0,Norte
172090,2007,0,Norte
172090,2010,0,Norte
172093,2007,0,Norte
172093,2010,0,Norte
172097,2007,0,Norte
172097,2010,0,Norte
172110,2007,0,Norte
172110,2010,0,Norte
172120,2007,0,Norte
172120,2010,0,Norte
172125,2007,0,Norte
172125,2010,0,Norte
172130,2007,0,Norte
172130,2010,0,Norte
172208,2007,0,Norte
172208,2010,0,Norte
172210,2007,0,Norte
172210,2010,0,Norte
210005,2007,0,Nordeste
210005,2010,0,Nordeste
210010,2007,0,Nordeste
210010,2010,0,Nordeste
210015,2007,0,Nordeste
210015,2010,0,Nordeste
210020,2007,0,Nordeste
210020,2010,0,Nordeste
210030,2007,0,Nordeste
210030,2010,0,Nordeste
210040,2007,0,Nordeste
210040,2010,0,Nordeste
210043,2007,0,Nordeste
210043,2010,0,Nordeste
210047,2007,0,Nordeste
210047,2010,0,Nordeste
210050,2007,0,Nordeste
210050,2010,0,Nordeste
210055,2007,0,Nordeste
210055,2010,0,Nordeste
210060,2007,0,Nordeste
210060,2010,0,Nordeste
210070,2007,0,Nordeste
210070,2010,0,Nordeste
210080,2007,0,Nordeste
210080,2010,0,Nordeste
210083,2007,0,Nordeste
210083,2010,0,Nordeste
210087,2007,0,Nordeste
210087,2010,0,Nordeste
210087,2010,0,Nordeste
210087,2010,0,Nordeste
210087,2010,0,Nordeste
210090,2007,0,Nordeste
210090,2010,0,Nordeste
210095,2007,0,Nordeste
210095,2010,0,Nordeste
210100,2007,0,Nordeste
210100,2010,0,Nordeste
210110,2007,0,Nordeste
210110,2010,0,Nordeste
210120,2007,0,Nordeste
210120,2010,0,Nordeste
210125,2007,0,Nordeste
210125,2010,0,Nordeste
210130,2007,0,Nordeste
210130,2010,0,Nordeste
210135,2007,0,Nordeste
210135,2010,0,Nordeste
210140,2007,0,Nordeste
210140,2010,0,Nordeste
210150,2007,0,Nordeste
210150,2010,0,Nordeste
210160,2007,0,Nordeste
210160,2010,0,Nordeste
210170,2007,0,Nordeste
210170,2010,0,Nordeste
210173,2007,0,Nordeste
210173,2010,0,Nordeste
210177,2007,0,Nordeste
210177,2010,0,Nordeste
210180,2007,0,Nordeste
210180,2010,0,Nordeste
210190,2007,0,Nordeste
210190,2010,0,Nordeste
210193,2007,0,Nordeste
210193,2010,0,Nordeste
210197,2007,0,Nordeste
210197,2010,0,Nordeste
210203,2007,0,Nordeste
210203,2010,0,Nordeste
210207,2007,0,Nordeste
210207,2010,0,Nordeste
210210,2007,0,Nordeste
210210,2010,0,Nordeste
210215,2007,0,Nordeste
210215,2010,0,Nordeste
210220,2007,0,Nordeste
210220,2010,0,Nordeste
210230,2007,0,Nordeste
210230,2010,0,Nordeste
210232,2007,0,Nordeste
210232,2010,0,Nordeste
210235,2007,0,Nordeste
210235,2010,0,Nordeste
210237,2007,0,Nordeste
210237,2010,0,Nordeste
210240,2007,0,Nordeste
210240,2010,0,Nordeste
210250,2007,0,Nordeste
210250,2010,0,Nordeste
210255,2007,0,Nordeste
210255,2010,0,Nordeste
210260,2007,0,Nordeste
210260,2010,0,Nordeste
210270,2007,0,Nordeste
210270,2010,0,Nordeste
210275,2007,0,Nordeste
210275,2010,0,Nordeste
210280,2007,0,Nordeste
210280,2010,0,Nordeste
210290,2007,0,Nordeste
210290,2010,0,Nordeste
210300,2007,0,Nordeste
210300,2010,0,Nordeste
210312,2007,0,Nordeste
210312,2010,0,Nordeste
210315,2007,0,Nordeste
210315,2010,0,Nordeste
210317,2007,0,Nordeste
210317,2010,0,Nordeste
210320,2007,0,Nordeste
210320,2010,0,Nordeste
210325,2007,0,Nordeste
210325,2010,0,Nordeste
210330,2007,0,Nordeste
210330,2010,0,Nordeste
210340,2007,0,Nordeste
210340,2010,0,Nordeste
210355,2007,0,Nordeste
210355,2010,0,Nordeste
210360,2007,0,Nordeste
210360,2010,0,Nordeste
210370,2007,0,Nordeste
210370,2010,0,Nordeste
210380,2007,0,Nordeste
210380,2010,0,Nordeste
210390,2007,0,Nordeste
210390,2010,0,Nordeste
210400,2007,0,Nordeste
210400,2010,0,Nordeste
210405,2007,0,Nordeste
210405,2010,0,Nordeste
210407,2007,0,Nordeste
210407,2010,0,Nordeste
210408,2007,0,Nordeste
210408,2010,0,Nordeste
210409,2007,0,Nordeste
210409,2010,0,Nordeste
210410,2007,0,Nordeste
210410,2010,0,Nordeste
210420,2007,0,Nordeste
210420,2010,0,Nordeste
210430,2007,0,Nordeste
210430,2010,0,Nordeste
210440,2007,0,Nordeste
210440,2010,0,Nordeste
210450,2007,0,Nordeste
210450,2010,0,Nordeste
210455,2007,0,Nordeste
210455,2010,0,Nordeste
210460,2007,0,Nordeste
210460,2010,0,Nordeste
210462,2007,0,Nordeste
210462,2010,0,Nordeste
210465,2007,0,Nordeste
210465,2010,0,Nordeste
210467,2007,0,Nordeste
210467,2010,0,Nordeste
210470,2007,0,Nordeste
210470,2010,0,Nordeste
210480,2007,0,Nordeste
210480,2010,0,Nordeste
210490,2007,0,Nordeste
210490,2010,0,Nordeste
210500,2007,0,Nordeste
210500,2010,0,Nordeste
210510,2007,0,Nordeste
210510,2010,0,Nordeste
210515,2007,0,Nordeste
210515,2010,0,Nordeste
210520,2007,0,Nordeste
210520,2010,0,Nordeste
210530,2007,1,Nordeste
210530,2010,1,Nordeste
210535,2007,0,Nordeste
210535,2010,0,Nordeste
210540,2007,0,Nordeste
210540,2010,0,Nordeste
210542,2007,0,Nordeste
210542,2010,0,Nordeste
210547,2007,0,Nordeste
210547,2010,0,Nordeste
210550,2007,0,Nordeste
210550,2010,0,Nordeste
210560,2007,0,Nordeste
210560,2010,0,Nordeste
210565,2007,0,Nordeste
210565,2010,0,Nordeste
210570,2007,0,Nordeste
210570,2010,0,Nordeste
210580,2007,0,Nordeste
210580,2010,0,Nordeste
210590,2007,0,Nordeste
210590,2010,0,Nordeste
210592,2007,0,Nordeste
210592,2010,0,Nordeste
210594,2007,0,Nordeste
210594,2010,0,Nordeste
210596,2007,0,Nordeste
210596,2010,0,Nordeste
210598,2007,0,Nordeste
210598,2010,0,Nordeste
210600,2007,0,Nordeste
210600,2010,0,Nordeste
210610,2007,0,Nordeste
210610,2010,0,Nordeste
210620,2007,0,Nordeste
210620,2010,0,Nordeste
210630,2007,0,Nordeste
210630,2010,0,Nordeste
210632,2007,0,Nordeste
210632,2010,0,Nordeste
210635,2007,0,Nordeste
210635,2010,0,Nordeste
210637,2007,0,Nordeste
210637,2010,0,Nordeste
210640,2007,0,Nordeste
210640,2010,0,Nordeste
210650,2007,0,Nordeste
210650,2010,0,Nordeste
210660,2007,0,Nordeste
210660,2010,0,Nordeste
210663,2007,0,Nordeste
210663,2010,0,Nordeste
210667,2007,0,Nordeste
210667,2010,0,Nordeste
210675,2007,0,Nordeste
210675,2010,0,Nordeste
210680,2007,0,Nordeste
210680,2010,0,Nordeste
210690,2007,0,Nordeste
210690,2010,0,Nordeste
210700,2007,0,Nordeste
210700,2010,0,Nordeste
210710,2007,0,Nordeste
210710,2010,0,Nordeste
210720,2007,0,Nordeste
210720,2010,0,Nordeste
210725,2007,0,Nordeste
210725,2010,0,Nordeste
210730,2007,0,Nordeste
210730,2010,0,Nordeste
210735,2007,0,Nordeste
210735,2010,0,Nordeste
210740,2007,0,Nordeste
210740,2010,0,Nordeste
210745,2007,0,Nordeste
210745,2010,0,Nordeste
210750,2007,0,Nordeste
210750,2010,0,Nordeste
210760,2007,0,Nordeste
210760,2010,0,Nordeste
210770,2007,0,Nordeste
210770,2010,0,Nordeste
210780,2007,0,Nordeste
210780,2010,0,Nordeste
210790,2007,0,Nordeste
210790,2010,0,Nordeste
210800,2007,0,Nordeste
210800,2010,0,Nordeste
210805,2007,0,Nordeste
210805,2010,0,Nordeste
210810,2007,0,Nordeste
210810,2010,0,Nordeste
210820,2007,0,Nordeste
210820,2010,0,Nordeste
210825,2007,0,Nordeste
210825,2010,0,Nordeste
210830,2007,0,Nordeste
210830,2010,0,Nordeste
210840,2007,0,Nordeste
210840,2010,0,Nordeste
210845,2007,0,Nordeste
210845,2010,0,Nordeste
210850,2007,0,Nordeste
210850,2010,0,Nordeste
210860,2007,0,Nordeste
210860,2010,0,Nordeste
210870,2007,0,Nordeste
210870,2010,0,Nordeste
210880,2007,0,Nordeste
210880,2010,0,Nordeste
210890,2007,0,Nordeste
210890,2010,0,Nordeste
210900,2007,0,Nordeste
210900,2010,0,Nordeste
210905,2007,0,Nordeste
210905,2010,0,Nordeste
210923,2007,0,Nordeste
210923,2010,0,Nordeste
210923,2010,0,Nordeste
210923,2010,0,Nordeste
210923,2010,0,Nordeste
210927,2007,0,Nordeste
210927,2010,0,Nordeste
210930,2007,0,Nordeste
210930,2010,0,Nordeste
210940,2007,0,Nordeste
210940,2010,0,Nordeste
210945,2007,0,Nordeste
210945,2010,0,Nordeste
210955,2007,0,Nordeste
210955,2010,0,Nordeste
210960,2007,0,Nordeste
210960,2010,0,Nordeste
210970,2007,0,Nordeste
210970,2010,0,Nordeste
210975,2007,0,Nordeste
210975,2010,0,Nordeste
211003,2007,0,Nordeste
211003,2010,0,Nordeste
211010,2007,0,Nordeste
211010,2010,0,Nordeste
211023,2007,0,Nordeste
211023,2010,0,Nordeste
211027,2007,0,Nordeste
211027,2010,0,Nordeste
211030,2007,0,Nordeste
211030,2010,0,Nordeste
211040,2007,0,Nordeste
211040,2010,0,Nordeste
211060,2007,0,Nordeste
211060,2010,0,Nordeste
211065,2007,0,Nordeste
211065,2010,0,Nordeste
211070,2007,0,Nordeste
211070,2010,0,Nordeste
211080,2007,0,Nordeste
211080,2010,0,Nordeste
211085,2007,0,Nordeste
211085,2010,0,Nordeste
211090,2007,0,Nordeste
211090,2010,0,Nordeste
211102,2007,0,Nordeste
211102,2010,0,Nordeste
211107,2007,0,Nordeste
211107,2010,0,Nordeste
211110,2007,0,Nordeste
211110,2010,0,Nordeste
211120,2007,0,Nordeste
211120,2010,0,Nordeste
211125,2007,0,Nordeste
211125,2010,0,Nordeste
211130,2007,1,Nordeste
211130,2010,1,Nordeste
211140,2007,0,Nordeste
211140,2010,0,Nordeste
211150,2007,0,Nordeste
211150,2010,0,Nordeste
211153,2007,0,Nordeste
211153,2010,0,Nordeste
211157,2007,0,Nordeste
211157,2010,0,Nordeste
211160,2007,0,Nordeste
211160,2010,0,Nordeste
211163,2007,0,Nordeste
211163,2010,0,Nordeste
211167,2007,0,Nordeste
211167,2010,0,Nordeste
211172,2007,0,Nordeste
211172,2010,0,Nordeste
211174,2007,0,Nordeste
211174,2010,0,Nordeste
211176,2007,0,Nordeste
211176,2010,0,Nordeste
211178,2007,0,Nordeste
211178,2010,0,Nordeste
211190,2007,0,Nordeste
211190,2010,0,Nordeste
211195,2007,0,Nordeste
211195,2010,0,Nordeste
211200,2007,0,Nordeste
211200,2010,0,Nordeste
211210,2007,0,Nordeste
211210,2010,0,Nordeste
211220,2007,0,Nordeste
211220,2010,0,Nordeste
211223,2007,0,Nordeste
211223,2010,0,Nordeste
211227,2007,0,Nordeste
211227,2010,0,Nordeste
211230,2007,0,Nordeste
211230,2010,0,Nordeste
211240,2007,0,Nordeste
211240,2010,0,Nordeste
211245,2007,0,Nordeste
211245,2010,0,Nordeste
211250,2007,0,Nordeste
211250,2010,0,Nordeste
211260,2007,0,Nordeste
211260,2010,0,Nordeste
211270,2007,0,Nordeste
211270,2010,0,Nordeste
211285,2007,0,Nordeste
211285,2010,0,Nordeste
211290,2007,0,Nordeste
211290,2010,0,Nordeste
211300,2007,0,Nordeste
211300,2010,0,Nordeste
211400,2007,0,Nordeste
211400,2010,0,Nordeste
220005,2007,0,Nordeste
220005,2010,0,Nordeste
220010,2007,0,Nordeste
220010,2010,0,Nordeste
220025,2007,0,Nordeste
220025,2010,0,Nordeste
220027,2007,0,Nordeste
220027,2010,0,Nordeste
220030,2007,0,Nordeste
220030,2010,0,Nordeste
220040,2007,0,Nordeste
220040,2010,0,Nordeste
220045,2007,0,Nordeste
220045,2010,0,Nordeste
220050,2007,0,Nordeste
220050,2010,0,Nordeste
220060,2007,0,Nordeste
220060,2010,0,Nordeste
220070,2007,0,Nordeste
220070,2010,0,Nordeste
220080,2007,0,Nordeste
220080,2010,0,Nordeste
220090,2007,0,Nordeste
220090,2010,0,Nordeste
220095,2007,0,Nordeste
220095,2010,0,Nordeste
220100,2007,0,Nordeste
220100,2010,0,Nordeste
220105,2007,0,Nordeste
220105,2010,0,Nordeste
220110,2007,0,Nordeste
220110,2010,0,Nordeste
220115,2007,0,Nordeste
220115,2010,0,Nordeste
220117,2007,0,Nordeste
220117,2010,0,Nordeste
220120,2007,0,Nordeste
220120,2010,0,Nordeste
220130,2007,0,Nordeste
220130,2010,0,Nordeste
220140,2007,0,Nordeste
220140,2010,0,Nordeste
220155,2007,0,Nordeste
220155,2010,0,Nordeste
220157,2007,0,Nordeste
220157,2010,0,Nordeste
220160,2007,0,Nordeste
220160,2010,0,Nordeste
220170,2007,0,Nordeste
220170,2010,0,Nordeste
220173,2007,0,Nordeste
220173,2010,0,Nordeste
220177,2007,0,Nordeste
220177,2010,0,Nordeste
220191,2007,0,Nordeste
220191,2010,0,Nordeste
220192,2007,0,Nordeste
220192,2010,0,Nordeste
220194,2007,0,Nordeste
220194,2010,0,Nordeste
220196,2007,0,Nordeste
220196,2010,0,Nordeste
220198,2007,0,Nordeste
220198,2010,0,Nordeste
220200,2007,0,Nordeste
220200,2010,0,Nordeste
220202,2007,0,Nordeste
220202,2010,0,Nordeste
220205,2007,0,Nordeste
220205,2010,0,Nordeste
220207,2007,0,Nordeste
220207,2010,0,Nordeste
220208,2007,0,Nordeste
220208,2010,0,Nordeste
220209,2007,0,Nordeste
220209,2010,0,Nordeste
220210,2007,0,Nordeste
220210,2010,0,Nordeste
220211,2007,0,Nordeste
220211,2010,0,Nordeste
220213,2007,0,Nordeste
220213,2010,0,Nordeste
220217,2007,0,Nordeste
220217,2010,0,Nordeste
220220,2007,0,Nordeste
220220,2010,0,Nordeste
220225,2007,0,Nordeste
220225,2010,0,Nordeste
220230,2007,0,Nordeste
220230,2010,0,Nordeste
220240,2007,0,Nordeste
220240,2010,0,Nordeste
220245,2007,0,Nordeste
220245,2010,0,Nordeste
220253,2007,0,Nordeste
220253,2010,0,Nordeste
220255,2007,0,Nordeste
220255,2010,0,Nordeste
220260,2007,0,Nordeste
220260,2010,0,Nordeste
220265,2007,0,Nordeste
220265,2010,0,Nordeste
220270,2007,0,Nordeste
220270,2010,0,Nordeste
220271,2007,0,Nordeste
220271,2010,0,Nordeste
220272,2007,0,Nordeste
220272,2010,0,Nordeste
220273,2007,0,Nordeste
220273,2010,0,Nordeste
220275,2007,0,Nordeste
220275,2010,0,Nordeste
220277,2007,0,Nordeste
220277,2010,0,Nordeste
220280,2007,0,Nordeste
220280,2010,0,Nordeste
220285,2007,0,Nordeste
220285,2010,0,Nordeste
220290,2007,0,Nordeste
220290,2010,0,Nordeste
220300,2007,0,Nordeste
220300,2010,0,Nordeste
220310,2007,0,Nordeste
220310,2010,0,Nordeste
220320,2007,0,Nordeste
220320,2010,0,Nordeste
220323,2007,0,Nordeste
220323,2010,0,Nordeste
220325,2007,0,Nordeste
220325,2010,0,Nordeste
220327,2007,0,Nordeste
220327,2010,0,Nordeste
220330,2007,0,Nordeste
220330,2010,0,Nordeste
220335,2007,0,Nordeste
220335,2010,0,Nordeste
220340,2007,0,Nordeste
220340,2010,0,Nordeste
220342,2007,0,Nordeste
220342,2010,0,Nordeste
220345,2007,0,Nordeste
220345,2010,0,Nordeste
220350,2007,0,Nordeste
220350,2010,0,Nordeste
220360,2007,0,Nordeste
220360,2010,0,Nordeste
220370,2007,0,Nordeste
220370,2010,0,Nordeste
220370,2010,0,Nordeste
220370,2010,0,Nordeste
220370,2010,0,Nordeste
220375,2007,0,Nordeste
220375,2010,0,Nordeste
220380,2007,0,Nordeste
220380,2010,0,Nordeste
220385,2007,0,Nordeste
220385,2010,0,Nordeste
220390,2007,0,Nordeste
220390,2010,0,Nordeste
220400,2007,0,Nordeste
220400,2010,0,Nordeste
220410,2007,0,Nordeste
220410,2010,0,Nordeste
220415,2007,0,Nordeste
220415,2010,0,Nordeste
220420,2007,0,Nordeste
220420,2010,0,Nordeste
220430,2007,0,Nordeste
220430,2010,0,Nordeste
220435,2007,0,Nordeste
220435,2010,0,Nordeste
220440,2007,0,Nordeste
220440,2010,0,Nordeste
220450,2007,0,Nordeste
220450,2010,0,Nordeste
220455,2007,0,Nordeste
220455,2010,0,Nordeste
220460,2007,0,Nordeste
220460,2010,0,Nordeste
220465,2007,0,Nordeste
220465,2010,0,Nordeste
220470,2007,0,Nordeste
220470,2010,0,Nordeste
220480,2007,0,Nordeste
220480,2010,0,Nordeste
220490,2007,0,Nordeste
220490,2010,0,Nordeste
220500,2007,0,Nordeste
220500,2010,0,Nordeste
220510,2007,0,Nordeste
220510,2010,0,Nordeste
220515,2007,0,Nordeste
220515,2010,0,Nordeste
220520,2007,0,Nordeste
220520,2010,0,Nordeste
220525,2007,0,Nordeste
220525,2010,0,Nordeste
220527,2007,0,Nordeste
220527,2010,0,Nordeste
220530,2007,0,Nordeste
220530,2010,0,Nordeste
220535,2007,0,Nordeste
220535,2010,0,Nordeste
220540,2007,0,Nordeste
220540,2010,0,Nordeste
220545,2007,0,Nordeste
220545,2010,0,Nordeste
220550,2007,0,Nordeste
220550,2010,0,Nordeste
220551,2007,0,Nordeste
220551,2010,0,Nordeste
220552,2007,0,Nordeste
220552,2010,0,Nordeste
220554,2007,0,Nordeste
220554,2010,0,Nordeste
220555,2007,0,Nordeste
220555,2010,0,Nordeste
220556,2007,0,Nordeste
220556,2010,0,Nordeste
220557,2007,0,Nordeste
220557,2010,0,Nordeste
220558,2007,0,Nordeste
220558,2010,0,Nordeste
220559,2007,0,Nordeste
220559,2010,0,Nordeste
220560,2007,0,Nordeste
220560,2010,0,Nordeste
220570,2007,0,Nordeste
220570,2010,0,Nordeste
220580,2007,0,Nordeste
220580,2010,0,Nordeste
220585,2007,0,Nordeste
220585,2010,0,Nordeste
220590,2007,0,Nordeste
220590,2010,0,Nordeste
220595,2007,0,Nordeste
220595,2010,0,Nordeste
220600,2007,0,Nordeste
220600,2010,0,Nordeste
220605,2007,0,Nordeste
220605,2010,0,Nordeste
220610,2007,0,Nordeste
220610,2010,0,Nordeste
220620,2007,0,Nordeste
220620,2010,0,Nordeste
220630,2007,0,Nordeste
220630,2010,0,Nordeste
220635,2007,0,Nordeste
220635,2010,0,Nordeste
220640,2007,0,Nordeste
220640,2010,0,Nordeste
220650,2007,0,Nordeste
220650,2010,0,Nordeste
220660,2007,0,Nordeste
220660,2010,0,Nordeste
220665,2007,0,Nordeste
220665,2010,0,Nordeste
220667,2007,0,Nordeste
220667,2010,0,Nordeste
220669,2007,0,Nordeste
220669,2010,0,Nordeste
220670,2007,0,Nordeste
220670,2010,0,Nordeste
220672,2007,0,Nordeste
220672,2010,0,Nordeste
220675,2007,0,Nordeste
220675,2010,0,Nordeste
220680,2007,0,Nordeste
220680,2010,0,Nordeste
220690,2007,0,Nordeste
220690,2010,0,Nordeste
220700,2007,0,Nordeste
220700,2010,0,Nordeste
220710,2007,0,Nordeste
220710,2010,0,Nordeste
220720,2007,0,Nordeste
220720,2010,0,Nordeste
220730,2007,0,Nordeste
220730,2010,0,Nordeste
220735,2007,0,Nordeste
220735,2010,0,Nordeste
220740,2007,0,Nordeste
220740,2010,0,Nordeste
220750,2007,0,Nordeste
220750,2010,0,Nordeste
220755,2007,0,Nordeste
220755,2010,0,Nordeste
220760,2007,0,Nordeste
220760,2010,0,Nordeste
220770,2007,0,Nordeste
220770,2010,0,Nordeste
220775,2007,0,Nordeste
220775,2010,0,Nordeste
220777,2007,0,Nordeste
220777,2010,0,Nordeste
220779,2007,0,Nordeste
220779,2010,0,Nordeste
220780,2007,0,Nordeste
220780,2010,0,Nordeste
220785,2007,0,Nordeste
220785,2010,0,Nordeste
220790,2007,0,Nordeste
220790,2010,0,Nordeste
220793,2007,0,Nordeste
220793,2010,0,Nordeste
220800,2007,0,Nordeste
220800,2010,0,Nordeste
220810,2007,0,Nordeste
220810,2010,0,Nordeste
220820,2007,0,Nordeste
220820,2010,0,Nordeste
220830,2007,0,Nordeste
220830,2010,0,Nordeste
220840,2007,0,Nordeste
220840,2010,0,Nordeste
220850,2007,0,Nordeste
220850,2010,0,Nordeste
220855,2007,0,Nordeste
220855,2010,0,Nordeste
220860,2007,0,Nordeste
220860,2010,0,Nordeste
220865,2007,0,Nordeste
220865,2010,0,Nordeste
220870,2007,0,Nordeste
220870,2010,0,Nordeste
220880,2007,0,Nordeste
220880,2010,0,Nordeste
220885,2007,0,Nordeste
220885,2010,0,Nordeste
220887,2007,0,Nordeste
220887,2010,0,Nordeste
220890,2007,0,Nordeste
220890,2010,0,Nordeste
220900,2007,0,Nordeste
220900,2010,0,Nordeste
220910,2007,0,Nordeste
220910,2010,0,Nordeste
220915,2007,0,Nordeste
220915,2010,0,Nordeste
220930,2007,0,Nordeste
220930,2010,0,Nordeste
220935,2007,0,Nordeste
220935,2010,0,Nordeste
220937,2007,0,Nordeste
220937,2010,0,Nordeste
220940,2007,0,Nordeste
220940,2010,0,Nordeste
220945,2007,0,Nordeste
220945,2010,0,Nordeste
220950,2007,0,Nordeste
220950,2010,0,Nordeste
220955,2007,0,Nordeste
220955,2010,0,Nordeste
220960,2007,0,Nordeste
220960,2010,0,Nordeste
220965,2007,0,Nordeste
220965,2010,0,Nordeste
220970,2007,0,Nordeste
220970,2010,0,Nordeste
220975,2007,0,Nordeste
220975,2010,0,Nordeste
220980,2007,0,Nordeste
220980,2010,0,Nordeste
220985,2007,0,Nordeste
220985,2010,0,Nordeste
220987,2007,0,Nordeste
220987,2010,0,Nordeste
220990,2007,0,Nordeste
220990,2010,0,Nordeste
220995,2007,0,Nordeste
220995,2010,0,Nordeste
220997,2007,0,Nordeste
220997,2010,0,Nordeste
221000,2007,0,Nordeste
221000,2010,0,Nordeste
221010,2007,0,Nordeste
221010,2010,0,Nordeste
221020,2007,0,Nordeste
221020,2010,0,Nordeste
221030,2007,0,Nordeste
221030,2010,0,Nordeste
221035,2007,0,Nordeste
221035,2010,0,Nordeste
221037,2007,0,Nordeste
221037,2010,0,Nordeste
221038,2007,0,Nordeste
221038,2010,0,Nordeste
221039,2007,0,Nordeste
221039,2010,0,Nordeste
221040,2007,0,Nordeste
221040,2010,0,Nordeste
221050,2007,0,Nordeste
221050,2010,0,Nordeste
221060,2007,0,Nordeste
221060,2010,0,Nordeste
221062,2007,0,Nordeste
221062,2010,0,Nordeste
221063,2007,0,Nordeste
221063,2010,0,Nordeste
221065,2007,0,Nordeste
221065,2010,0,Nordeste
221070,2007,0,Nordeste
221070,2010,0,Nordeste
221080,2007,0,Nordeste
221080,2010,0,Nordeste
221090,2007,0,Nordeste
221090,2010,0,Nordeste
221093,2007,0,Nordeste
221093,2010,0,Nordeste
221095,2007,0,Nordeste
221095,2010,0,Nordeste
221097,2007,0,Nordeste
221097,2010,0,Nordeste
221100,2007,1,Nordeste
221100,2010,1,Nordeste
221110,2007,0,Nordeste
221110,2010,0,Nordeste
221120,2007,0,Nordeste
221120,2010,0,Nordeste
221130,2007,0,Nordeste
221130,2010,0,Nordeste
221135,2007,0,Nordeste
221135,2010,0,Nordeste
221150,2007,0,Nordeste
221150,2010,0,Nordeste
221160,2007,0,Nordeste
221160,2010,0,Nordeste
221170,2007,0,Nordeste
221170,2010,0,Nordeste
230010,2007,0,Nordeste
230010,2010,0,Nordeste
230015,2007,0,Nordeste
230015,2010,0,Nordeste
230020,2007,0,Nordeste
230020,2010,0,Nordeste
230030,2007,0,Nordeste
230030,2010,0,Nordeste
230040,2007,0,Nordeste
230040,2010,0,Nordeste
230050,2007,0,Nordeste
230050,2010,0,Nordeste
230060,2007,0,Nordeste
230060,2010,0,Nordeste
230070,2007,0,Nordeste
230070,2010,0,Nordeste
230075,2007,0,Nordeste
230075,2010,0,Nordeste
230080,2007,0,Nordeste
230080,2010,0,Nordeste
230090,2007,0,Nordeste
230090,2010,0,Nordeste
230100,2007,0,Nordeste
230100,2010,0,Nordeste
230110,2007,0,Nordeste
230110,2010,0,Nordeste
230125,2007,0,Nordeste
230125,2010,0,Nordeste
230130,2007,0,Nordeste
230130,2010,0,Nordeste
230140,2007,0,Nordeste
230140,2010,0,Nordeste
230150,2007,0,Nordeste
230150,2010,0,Nordeste
230160,2007,0,Nordeste
230160,2010,0,Nordeste
230180,2007,0,Nordeste
230180,2010,0,Nordeste
230185,2007,0,Nordeste
230185,2010,0,Nordeste
230190,2007,0,Nordeste
230190,2010,0,Nordeste
230195,2007,0,Nordeste
230195,2010,0,Nordeste
230200,2007,0,Nordeste
230200,2010,0,Nordeste
230205,2007,0,Nordeste
230205,2010,0,Nordeste
230210,2007,0,Nordeste
230210,2010,0,Nordeste
230220,2007,0,Nordeste
230220,2010,0,Nordeste
230230,2007,0,Nordeste
230230,2010,0,Nordeste
230240,2007,0,Nordeste
230240,2010,0,Nordeste
230250,2007,0,Nordeste
230250,2010,0,Nordeste
230260,2007,0,Nordeste
230260,2010,0,Nordeste
230270,2007,0,Nordeste
230270,2010,0,Nordeste
230280,2007,0,Nordeste
230280,2010,0,Nordeste
230290,2007,0,Nordeste
230290,2010,0,Nordeste
230300,2007,0,Nordeste
230300,2010,0,Nordeste
230310,2007,0,Nordeste
230310,2010,0,Nordeste
230320,2007,0,Nordeste
230320,2010,0,Nordeste
230330,2007,0,Nordeste
230330,2010,0,Nordeste
230340,2007,0,Nordeste
230340,2010,0,Nordeste
230360,2007,0,Nordeste
230360,2010,0,Nordeste
230365,2007,0,Nordeste
230365,2010,0,Nordeste
230370,2007,1,Nordeste
230370,2010,1,Nordeste
230390,2007,0,Nordeste
230390,2010,0,Nordeste
230393,2007,0,Nordeste
230393,2010,0,Nordeste
230395,2007,0,Nordeste
230395,2010,0,Nordeste
230400,2007,0,Nordeste
230400,2010,0,Nordeste
230410,2007,0,Nordeste
230410,2010,0,Nordeste
230420,2007,0,Nordeste
230420,2010,0,Nordeste
230423,2007,0,Nordeste
230423,2010,0,Nordeste
230425,2007,0,Nordeste
230425,2010,0,Nordeste
230426,2007,0,Nordeste
230426,2010,0,Nordeste
230427,2007,0,Nordeste
230427,2010,0,Nordeste
230428,2007,0,Nordeste
230428,2010,0,Nordeste
230430,2007,0,Nordeste
230430,2010,0,Nordeste
230435,2007,0,Nordeste
230435,2010,0,Nordeste
230440,2007,1,Nordeste
230440,2010,1,Nordeste
230445,2007,0,Nordeste
230445,2010,0,Nordeste
230450,2007,0,Nordeste
230450,2010,0,Nordeste
230460,2007,0,Nordeste
230460,2010,0,Nordeste
230465,2007,0,Nordeste
230465,2010,0,Nordeste
230470,2007,0,Nordeste
230470,2010,0,Nordeste
230480,2007,0,Nordeste
230480,2010,0,Nordeste
230490,2007,0,Nordeste
230490,2010,0,Nordeste
230495,2007,0,Nordeste
230495,2010,0,Nordeste
230500,2007,0,Nordeste
230500,2010,0,Nordeste
230510,2007,0,Nordeste
230510,2010,0,Nordeste
230523,2007,0,Nordeste
230523,2010,0,Nordeste
230526,2007,0,Nordeste
230526,2010,0,Nordeste
230530,2007,0,Nordeste
230530,2010,0,Nordeste
230533,2007,0,Nordeste
230533,2010,0,Nordeste
230535,2007,0,Nordeste
230535,2010,0,Nordeste
230540,2007,0,Nordeste
230540,2010,0,Nordeste
230565,2007,0,Nordeste
230565,2010,0,Nordeste
230570,2007,0,Nordeste
230570,2010,0,Nordeste
230580,2007,0,Nordeste
230580,2010,0,Nordeste
230590,2007,0,Nordeste
230590,2010,0,Nordeste
230590,2010,0,Nordeste
230590,2010,0,Nordeste
230590,2010,0,Nordeste
230600,2007,0,Nordeste
230600,2010,0,Nordeste
230600,2010,0,Nordeste
230600,2010,0,Nordeste
230600,2010,0,Nordeste
230610,2007,0,Nordeste
230610,2010,0,Nordeste
230620,2007,0,Nordeste
230620,2010,0,Nordeste
230625,2007,0,Nordeste
230625,2010,0,Nordeste
230630,2007,0,Nordeste
230630,2010,0,Nordeste
230640,2007,0,Nordeste
230640,2010,0,Nordeste
230650,2007,0,Nordeste
230650,2010,0,Nordeste
230655,2007,0,Nordeste
230655,2010,0,Nordeste
230660,2007,0,Nordeste
230660,2010,0,Nordeste
230670,2007,0,Nordeste
230670,2010,0,Nordeste
230680,2007,0,Nordeste
230680,2010,0,Nordeste
230690,2007,0,Nordeste
230690,2010,0,Nordeste
230700,2007,0,Nordeste
230700,2010,0,Nordeste
230720,2007,0,Nordeste
230720,2010,0,Nordeste
230725,2007,0,Nordeste
230725,2010,0,Nordeste
230730,2007,1,Nordeste
230730,2010,1,Nordeste
230740,2007,0,Nordeste
230740,2010,0,Nordeste
230750,2007,0,Nordeste
230750,2010,0,Nordeste
230760,2007,0,Nordeste
230760,2010,0,Nordeste
230763,2007,0,Nordeste
230763,2010,0,Nordeste
230765,2007,0,Nordeste
230765,2010,0,Nordeste
230770,2007,0,Nordeste
230770,2010,0,Nordeste
230780,2007,0,Nordeste
230780,2010,0,Nordeste
230790,2007,0,Nordeste
230790,2010,0,Nordeste
230800,2007,0,Nordeste
230800,2010,0,Nordeste
230810,2007,0,Nordeste
230810,2010,0,Nordeste
230820,2007,0,Nordeste
230820,2010,0,Nordeste
230835,2007,0,Nordeste
230835,2010,0,Nordeste
230837,2007,0,Nordeste
230837,2010,0,Nordeste
230840,2007,0,Nordeste
230840,2010,0,Nordeste
230850,2007,0,Nordeste
230850,2010,0,Nordeste
230860,2007,0,Nordeste
230860,2010,0,Nordeste
230870,2007,0,Nordeste
230870,2010,0,Nordeste
230880,2007,0,Nordeste
230880,2010,0,Nordeste
230900,2007,0,Nordeste
230900,2010,0,Nordeste
230930,2007,0,Nordeste
230930,2010,0,Nordeste
230940,2007,0,Nordeste
230940,2010,0,Nordeste
230945,2007,0,Nordeste
230945,2010,0,Nordeste
230950,2007,0,Nordeste
230950,2010,0,Nordeste
230960,2007,0,Nordeste
230960,2010,0,Nordeste
230980,2007,0,Nordeste
230980,2010,0,Nordeste
230990,2007,0,Nordeste
230990,2010,0,Nordeste
231000,2007,0,Nordeste
231000,2010,0,Nordeste
231010,2007,0,Nordeste
231010,2010,0,Nordeste
231020,2007,0,Nordeste
231020,2010,0,Nordeste
231025,2007,0,Nordeste
231025,2010,0,Nordeste
231030,2007,0,Nordeste
231030,2010,0,Nordeste
231040,2007,0,Nordeste
231040,2010,0,Nordeste
231060,2007,0,Nordeste
231060,2010,0,Nordeste
231070,2007,0,Nordeste
231070,2010,0,Nordeste
231080,2007,0,Nordeste
231080,2010,0,Nordeste
231085,2007,0,Nordeste
231085,2010,0,Nordeste
231090,2007,0,Nordeste
231090,2010,0,Nordeste
231095,2007,0,Nordeste
231095,2010,0,Nordeste
231100,2007,0,Nordeste
231100,2010,0,Nordeste
231110,2007,0,Nordeste
231110,2010,0,Nordeste
231120,2007,0,Nordeste
231120,2010,0,Nordeste
231123,2007,0,Nordeste
231123,2010,0,Nordeste
231126,2007,0,Nordeste
231126,2010,0,Nordeste
231130,2007,0,Nordeste
231130,2010,0,Nordeste
231135,2007,0,Nordeste
231135,2010,0,Nordeste
231140,2007,0,Nordeste
231140,2010,0,Nordeste
231150,2007,0,Nordeste
231150,2010,0,Nordeste
231160,2007,0,Nordeste
231160,2010,0,Nordeste
231160,2010,0,Nordeste
231160,2010,0,Nordeste
231160,2010,0,Nordeste
231170,2007,0,Nordeste
231170,2010,0,Nordeste
231180,2007,0,Nordeste
231180,2010,0,Nordeste
231190,2007,0,Nordeste
231190,2010,0,Nordeste
231195,2007,0,Nordeste
231195,2010,0,Nordeste
231200,2007,0,Nordeste
231200,2010,0,Nordeste
231210,2007,0,Nordeste
231210,2010,0,Nordeste
231220,2007,0,Nordeste
231220,2010,0,Nordeste
231230,2007,0,Nordeste
231230,2010,0,Nordeste
231250,2007,0,Nordeste
231250,2010,0,Nordeste
231260,2007,0,Nordeste
231260,2010,0,Nordeste
231270,2007,0,Nordeste
231270,2010,0,Nordeste
231280,2007,0,Nordeste
231280,2010,0,Nordeste
231290,2007,0,Nordeste
231290,2010,0,Nordeste
231300,2007,0,Nordeste
231300,2010,0,Nordeste
231310,2007,0,Nordeste
231310,2010,0,Nordeste
231320,2007,0,Nordeste
231320,2010,0,Nordeste
231325,2007,0,Nordeste
231325,2010,0,Nordeste
231330,2007,0,Nordeste
231330,2010,0,Nordeste
231335,2007,0,Nordeste
231335,2010,0,Nordeste
231340,2007,0,Nordeste
231340,2010,0,Nordeste
231350,2007,0,Nordeste
231350,2010,0,Nordeste
231355,2007,0,Nordeste
231355,2010,0,Nordeste
231360,2007,0,Nordeste
231360,2010,0,Nordeste
231370,2007,0,Nordeste
231370,2010,0,Nordeste
231375,2007,0,Nordeste
231375,2010,0,Nordeste
231380,2007,0,Nordeste
231380,2010,0,Nordeste
231390,2007,0,Nordeste
231390,2010,0,Nordeste
231395,2007,0,Nordeste
231395,2010,0,Nordeste
231400,2007,0,Nordeste
231400,2010,0,Nordeste
231410,2007,0,Nordeste
231410,2010,0,Nordeste
240010,2007,0,Nordeste
240010,2010,0,Nordeste
240020,2007,0,Nordeste
240020,2010,0,Nordeste
240030,2007,0,Nordeste
240030,2010,0,Nordeste
240040,2007,0,Nordeste
240040,2010,0,Nordeste
240050,2007,0,Nordeste
240050,2010,0,Nordeste
240060,2007,0,Nordeste
240060,2010,0,Nordeste
240070,2007,0,Nordeste
240070,2010,0,Nordeste
240080,2007,0,Nordeste
240080,2010,0,Nordeste
240090,2007,0,Nordeste
240090,2010,0,Nordeste
240100,2007,0,Nordeste
240100,2010,0,Nordeste
240120,2007,0,Nordeste
240120,2010,0,Nordeste
240130,2007,0,Nordeste
240130,2010,0,Nordeste
240140,2007,0,Nordeste
240140,2010,0,Nordeste
240150,2007,0,Nordeste
240150,2010,0,Nordeste
240160,2007,0,Nordeste
240160,2010,0,Nordeste
240165,2007,0,Nordeste
240165,2010,0,Nordeste
240185,2007,0,Nordeste
240185,2010,0,Nordeste
240190,2007,0,Nordeste
240190,2010,0,Nordeste
240200,2007,0,Nordeste
240200,2010,0,Nordeste
240210,2007,0,Nordeste
240210,2010,0,Nordeste
240220,2007,0,Nordeste
240220,2010,0,Nordeste
240240,2007,0,Nordeste
240240,2010,0,Nordeste
240250,2007,0,Nordeste
240250,2010,0,Nordeste
240260,2007,0,Nordeste
240260,2010,0,Nordeste
240270,2007,0,Nordeste
240270,2010,0,Nordeste
240280,2007,0,Nordeste
240280,2010,0,Nordeste
240290,2007,0,Nordeste
240290,2010,0,Nordeste
240300,2007,0,Nordeste
240300,2010,0,Nordeste
240310,2007,0,Nordeste
240310,2010,0,Nordeste
240320,2007,0,Nordeste
240320,2010,0,Nordeste
240330,2007,0,Nordeste
240330,2010,0,Nordeste
240340,2007,0,Nordeste
240340,2010,0,Nordeste
240350,2007,0,Nordeste
240350,2010,0,Nordeste
240360,2007,0,Nordeste
240360,2010,0,Nordeste
240370,2007,0,Nordeste
240370,2010,0,Nordeste
240375,2007,0,Nordeste
240375,2010,0,Nordeste
240380,2007,0,Nordeste
240380,2010,0,Nordeste
240390,2007,0,Nordeste
240390,2010,0,Nordeste
240400,2007,0,Nordeste
240400,2010,0,Nordeste
240410,2007,0,Nordeste
240410,2010,0,Nordeste
240420,2007,0,Nordeste
240420,2010,0,Nordeste
240430,2007,0,Nordeste
240430,2010,0,Nordeste
240440,2007,0,Nordeste
240440,2010,0,Nordeste
240450,2007,0,Nordeste
240450,2010,0,Nordeste
240460,2007,0,Nordeste
240460,2010,0,Nordeste
240470,2007,0,Nordeste
240470,2010,0,Nordeste
240480,2007,0,Nordeste
240480,2010,0,Nordeste
240490,2007,0,Nordeste
240490,2010,0,Nordeste
240500,2007,0,Nordeste
240500,2010,0,Nordeste
240520,2007,0,Nordeste
240520,2010,0,Nordeste
240530,2007,0,Nordeste
240530,2010,0,Nordeste
240540,2007,0,Nordeste
240540,2010,0,Nordeste
240550,2007,0,Nordeste
240550,2010,0,Nordeste
240560,2007,0,Nordeste
240560,2010,0,Nordeste
240570,2007,0,Nordeste
240570,2010,0,Nordeste
240580,2007,0,Nordeste
240580,2010,0,Nordeste
240590,2007,0,Nordeste
240590,2010,0,Nordeste
240600,2007,0,Nordeste
240600,2010,0,Nordeste
240610,2007,0,Nordeste
240610,2010,0,Nordeste
240620,2007,0,Nordeste
240620,2010,0,Nordeste
240630,2007,0,Nordeste
240630,2010,0,Nordeste
240640,2007,0,Nordeste
240640,2010,0,Nordeste
240650,2007,0,Nordeste
240650,2010,0,Nordeste
240660,2007,0,Nordeste
240660,2010,0,Nordeste
240670,2007,0,Nordeste
240670,2010,0,Nordeste
240680,2007,0,Nordeste
240680,2010,0,Nordeste
240690,2007,0,Nordeste
240690,2010,0,Nordeste
240700,2007,0,Nordeste
240700,2010,0,Nordeste
240710,2007,0,Nordeste
240710,2010,0,Nordeste
240720,2007,0,Nordeste
240720,2010,0,Nordeste
240725,2007,0,Nordeste
240725,2010,0,Nordeste
240730,2007,0,Nordeste
240730,2010,0,Nordeste
240740,2007,0,Nordeste
240740,2010,0,Nordeste
240750,2007,0,Nordeste
240750,2010,0,Nordeste
240760,2007,0,Nordeste
240760,2010,0,Nordeste
240770,2007,0,Nordeste
240770,2010,0,Nordeste
240780,2007,0,Nordeste
240780,2010,0,Nordeste
240780,2010,0,Nordeste
240780,2010,0,Nordeste
240780,2010,0,Nordeste
240790,2007,0,Nordeste
240790,2010,0,Nordeste
240800,2007,1,Nordeste
240800,2010,1,Nordeste
240810,2007,1,Nordeste
240810,2010,1,Nordeste
240820,2007,0,Nordeste
240820,2010,0,Nordeste
240830,2007,0,Nordeste
240830,2010,0,Nordeste
240840,2007,0,Nordeste
240840,2010,0,Nordeste
240860,2007,0,Nordeste
240860,2010,0,Nordeste
240860,2010,0,Nordeste
240860,2010,0,Nordeste
240860,2010,0,Nordeste
240870,2007,0,Nordeste
240870,2010,0,Nordeste
240880,2007,0,Nordeste
240880,2010,0,Nordeste
240890,2007,0,Nordeste
240890,2010,0,Nordeste
240895,2007,0,Nordeste
240895,2010,0,Nordeste
240910,2007,0,Nordeste
240910,2010,0,Nordeste
240930,2007,0,Nordeste
240930,2010,0,Nordeste
240940,2007,0,Nordeste
240940,2010,0,Nordeste
240950,2007,0,Nordeste
240950,2010,0,Nordeste
240970,2007,0,Nordeste
240970,2010,0,Nordeste
240980,2007,0,Nordeste
240980,2010,0,Nordeste
240990,2007,0,Nordeste
240990,2010,0,Nordeste
241010,2007,0,Nordeste
241010,2010,0,Nordeste
241020,2007,0,Nordeste
241020,2010,0,Nordeste
241025,2007,0,Nordeste
241025,2010,0,Nordeste
241040,2007,0,Nordeste
241040,2010,0,Nordeste
241050,2007,0,Nordeste
241050,2010,0,Nordeste
241060,2007,0,Nordeste
241060,2010,0,Nordeste
241070,2007,0,Nordeste
241070,2010,0,Nordeste
241100,2007,0,Nordeste
241100,2010,0,Nordeste
241105,2007,0,Nordeste
241105,2010,0,Nordeste
241140,2007,0,Nordeste
241140,2010,0,Nordeste
241142,2007,0,Nordeste
241142,2010,0,Nordeste
241150,2007,0,Nordeste
241150,2010,0,Nordeste
241160,2007,0,Nordeste
241160,2010,0,Nordeste
241170,2007,0,Nordeste
241170,2010,0,Nordeste
241180,2007,0,Nordeste
241180,2010,0,Nordeste
241190,2007,0,Nordeste
241190,2010,0,Nordeste
241200,2007,0,Nordeste
241200,2010,0,Nordeste
241200,2010,0,Nordeste
241200,2010,0,Nordeste
241200,2010,0,Nordeste
241210,2007,0,Nordeste
241210,2010,0,Nordeste
241220,2007,0,Nordeste
241220,2010,0,Nordeste
241230,2007,0,Nordeste
241230,2010,0,Nordeste
241240,2007,0,Nordeste
241240,2010,0,Nordeste
241250,2007,0,Nordeste
241250,2010,0,Nordeste
241255,2007,0,Nordeste
241255,2010,0,Nordeste
241260,2007,0,Nordeste
241260,2010,0,Nordeste
241280,2007,0,Nordeste
241280,2010,0,Nordeste
241310,2007,0,Nordeste
241310,2010,0,Nordeste
241320,2007,0,Nordeste
241320,2010,0,Nordeste
241330,2007,0,Nordeste
241330,2010,0,Nordeste
241335,2007,0,Nordeste
241335,2010,0,Nordeste
241340,2007,0,Nordeste
241340,2010,0,Nordeste
241355,2007,0,Nordeste
241355,2010,0,Nordeste
241360,2007,0,Nordeste
241360,2010,0,Nordeste
241370,2007,0,Nordeste
241370,2010,0,Nordeste
241370,2010,0,Nordeste
241370,2010,0,Nordeste
241370,2010,0,Nordeste
241380,2007,0,Nordeste
241380,2010,0,Nordeste
241390,2007,0,Nordeste
241390,2010,0,Nordeste
241410,2007,0,Nordeste
241410,2010,0,Nordeste
241415,2007,0,Nordeste
241415,2010,0,Nordeste
241420,2007,0,Nordeste
241420,2010,0,Nordeste
241430,2007,0,Nordeste
241430,2010,0,Nordeste
241440,2007,0,Nordeste
241440,2010,0,Nordeste
241445,2007,0,Nordeste
241445,2010,0,Nordeste
241450,2007,0,Nordeste
241450,2010,0,Nordeste
241460,2007,0,Nordeste
241460,2010,0,Nordeste
241475,2007,0,Nordeste
241475,2010,0,Nordeste
241500,2007,0,Nordeste
241500,2010,0,Nordeste
250020,2007,0,Nordeste
250020,2010,0,Nordeste
250030,2007,0,Nordeste
250030,2010,0,Nordeste
250040,2007,0,Nordeste
250040,2010,0,Nordeste
250053,2007,0,Nordeste
250053,2010,0,Nordeste
250057,2007,0,Nordeste
250057,2010,0,Nordeste
250060,2007,0,Nordeste
250060,2010,0,Nordeste
250070,2007,0,Nordeste
250070,2010,0,Nordeste
250080,2007,0,Nordeste
250080,2010,0,Nordeste
250090,2007,0,Nordeste
250090,2010,0,Nordeste
250110,2007,0,Nordeste
250110,2010,0,Nordeste
250115,2007,0,Nordeste
250115,2010,0,Nordeste
250120,2007,0,Nordeste
250120,2010,0,Nordeste
250130,2007,0,Nordeste
250130,2010,0,Nordeste
250135,2007,0,Nordeste
250135,2010,0,Nordeste
250140,2007,0,Nordeste
250140,2010,0,Nordeste
250150,2007,0,Nordeste
250150,2010,0,Nordeste
250153,2007,0,Nordeste
250153,2010,0,Nordeste
250153,2010,0,Nordeste
250153,2010,0,Nordeste
250153,2010,0,Nordeste
250157,2007,0,Nordeste
250157,2010,0,Nordeste
250160,2007,0,Nordeste
250160,2010,0,Nordeste
250180,2007,0,Nordeste
250180,2010,0,Nordeste
250200,2007,0,Nordeste
250200,2010,0,Nordeste
250205,2007,0,Nordeste
250205,2010,0,Nordeste
250210,2007,0,Nordeste
250210,2010,0,Nordeste
250215,2007,1,Nordeste
250215,2010,1,Nordeste
250215,2010,1,Nordeste
250215,2010,1,Nordeste
250215,2010,1,Nordeste
250240,2007,0,Nordeste
250240,2010,0,Nordeste
250250,2007,0,Nordeste
250250,2010,0,Nordeste
250260,2007,0,Nordeste
250260,2010,0,Nordeste
250280,2007,0,Nordeste
250280,2010,0,Nordeste
250290,2007,0,Nordeste
250290,2010,0,Nordeste
250300,2007,0,Nordeste
250300,2010,0,Nordeste
250310,2007,0,Nordeste
250310,2010,0,Nordeste
250320,2007,0,Nordeste
250320,2010,0,Nordeste
250330,2007,0,Nordeste
250330,2010,0,Nordeste
250340,2007,0,Nordeste
250340,2010,0,Nordeste
250350,2007,0,Nordeste
250350,2010,0,Nordeste
250355,2007,0,Nordeste
250355,2010,0,Nordeste
250370,2007,0,Nordeste
250370,2010,0,Nordeste
250375,2007,0,Nordeste
250375,2010,0,Nordeste
250380,2007,0,Nordeste
250380,2010,0,Nordeste
250390,2007,0,Nordeste
250390,2010,0,Nordeste
250400,2007,1,Nordeste
250400,2010,1,Nordeste
250403,2007,0,Nordeste
250403,2010,0,Nordeste
250407,2007,0,Nordeste
250407,2010,0,Nordeste
250407,2010,0,Nordeste
250407,2010,0,Nordeste
250407,2010,0,Nordeste
250410,2007,0,Nordeste
250410,2010,0,Nordeste
250415,2007,0,Nordeste
250415,2010,0,Nordeste
250420,2007,0,Nordeste
250420,2010,0,Nordeste
250430,2007,0,Nordeste
250430,2010,0,Nordeste
250435,2007,0,Nordeste
250435,2010,0,Nordeste
250440,2007,0,Nordeste
250440,2010,0,Nordeste
250470,2007,0,Nordeste
250470,2010,0,Nordeste
250480,2007,0,Nordeste
250480,2010,0,Nordeste
250485,2007,0,Nordeste
250485,2010,0,Nordeste
250490,2007,0,Nordeste
250490,2010,0,Nordeste
250500,2007,0,Nordeste
250500,2010,0,Nordeste
250510,2007,0,Nordeste
250510,2010,0,Nordeste
250520,2007,0,Nordeste
250520,2010,0,Nordeste
250523,2007,0,Nordeste
250523,2010,0,Nordeste
250527,2007,0,Nordeste
250527,2010,0,Nordeste
250530,2007,0,Nordeste
250530,2010,0,Nordeste
250535,2007,0,Nordeste
250535,2010,0,Nordeste
250540,2007,0,Nordeste
250540,2010,0,Nordeste
250550,2007,0,Nordeste
250550,2010,0,Nordeste
250560,2007,0,Nordeste
250560,2010,0,Nordeste
250570,2007,0,Nordeste
250570,2010,0,Nordeste
250580,2007,0,Nordeste
250580,2010,0,Nordeste
250590,2007,0,Nordeste
250590,2010,0,Nordeste
250600,2007,0,Nordeste
250600,2010,0,Nordeste
250610,2007,0,Nordeste
250610,2010,0,Nordeste
250620,2007,0,Nordeste
250620,2010,0,Nordeste
250625,2007,0,Nordeste
250625,2010,0,Nordeste
250630,2007,0,Nordeste
250630,2010,0,Nordeste
250640,2007,0,Nordeste
250640,2010,0,Nordeste
250650,2007,0,Nordeste
250650,2010,0,Nordeste
250660,2007,0,Nordeste
250660,2010,0,Nordeste
250670,2007,0,Nordeste
250670,2010,0,Nordeste
250680,2007,0,Nordeste
250680,2010,0,Nordeste
250710,2007,0,Nordeste
250710,2010,0,Nordeste
250720,2007,0,Nordeste
250720,2010,0,Nordeste
250730,2007,0,Nordeste
250730,2010,0,Nordeste
250740,2007,0,Nordeste
250740,2010,0,Nordeste
250750,2007,1,Nordeste
250750,2010,1,Nordeste
250760,2007,0,Nordeste
250760,2010,0,Nordeste
250770,2007,0,Nordeste
250770,2010,0,Nordeste
250780,2007,0,Nordeste
250780,2010,0,Nordeste
250790,2007,0,Nordeste
250790,2010,0,Nordeste
250800,2007,0,Nordeste
250800,2010,0,Nordeste
250810,2007,0,Nordeste
250810,2010,0,Nordeste
250820,2007,0,Nordeste
250820,2010,0,Nordeste
250830,2007,0,Nordeste
250830,2010,0,Nordeste
250840,2007,0,Nordeste
250840,2010,0,Nordeste
250850,2007,0,Nordeste
250850,2010,0,Nordeste
250855,2007,0,Nordeste
250855,2010,0,Nordeste
250860,2007,0,Nordeste
250860,2010,0,Nordeste
250870,2007,0,Nordeste
250870,2010,0,Nordeste
250880,2007,0,Nordeste
250880,2010,0,Nordeste
250890,2007,0,Nordeste
250890,2010,0,Nordeste
250900,2007,0,Nordeste
250900,2010,0,Nordeste
250905,2007,0,Nordeste
250905,2010,0,Nordeste
250910,2007,0,Nordeste
250910,2010,0,Nordeste
250915,2007,0,Nordeste
250915,2010,0,Nordeste
250930,2007,0,Nordeste
250930,2010,0,Nordeste
250933,2007,0,Nordeste
250933,2010,0,Nordeste
250937,2007,0,Nordeste
250937,2010,0,Nordeste
250939,2007,0,Nordeste
250939,2010,0,Nordeste
250940,2007,0,Nordeste
250940,2010,0,Nordeste
250950,2007,0,Nordeste
250950,2010,0,Nordeste
250960,2007,0,Nordeste
250960,2010,0,Nordeste
250970,2007,0,Nordeste
250970,2010,0,Nordeste
250980,2007,0,Nordeste
250980,2010,0,Nordeste
250980,2010,0,Nordeste
250980,2010,0,Nordeste
250980,2010,0,Nordeste
250990,2007,0,Nordeste
250990,2010,0,Nordeste
251000,2007,0,Nordeste
251000,2010,0,Nordeste
251010,2007,0,Nordeste
251010,2010,0,Nordeste
251020,2007,0,Nordeste
251020,2010,0,Nordeste
251020,2010,0,Nordeste
251020,2010,0,Nordeste
251020,2010,0,Nordeste
251020,2010,0,Nordeste
251020,2010,0,Nordeste
251020,2010,0,Nordeste
251020,2010,0,Nordeste
251020,2010,0,Nordeste
251030,2007,0,Nordeste
251030,2010,0,Nordeste
251040,2007,0,Nordeste
251040,2010,0,Nordeste
251050,2007,0,Nordeste
251050,2010,0,Nordeste
251060,2007,0,Nordeste
251060,2010,0,Nordeste
251065,2007,0,Nordeste
251065,2010,0,Nordeste
251070,2007,0,Nordeste
251070,2010,0,Nordeste
251070,2010,0,Nordeste
251070,2010,0,Nordeste
251070,2010,0,Nordeste
251080,2007,0,Nordeste
251080,2010,0,Nordeste
251100,2007,0,Nordeste
251100,2010,0,Nordeste
251100,2010,0,Nordeste
251100,2010,0,Nordeste
251100,2010,0,Nordeste
251110,2007,0,Nordeste
251110,2010,0,Nordeste
251120,2007,0,Nordeste
251120,2010,0,Nordeste
251130,2007,0,Nordeste
251130,2010,0,Nordeste
251140,2007,0,Nordeste
251140,2010,0,Nordeste
251160,2007,0,Nordeste
251160,2010,0,Nordeste
251160,2010,0,Nordeste
251160,2010,0,Nordeste
251160,2010,0,Nordeste
251170,2007,0,Nordeste
251170,2010,0,Nordeste
251180,2007,0,Nordeste
251180,2010,0,Nordeste
251190,2007,0,Nordeste
251190,2010,0,Nordeste
251200,2007,0,Nordeste
251200,2010,0,Nordeste
251203,2007,0,Nordeste
251203,2010,0,Nordeste
251207,2007,0,Nordeste
251207,2010,0,Nordeste
251210,2007,0,Nordeste
251210,2010,0,Nordeste
251230,2007,0,Nordeste
251230,2010,0,Nordeste
251240,2007,0,Nordeste
251240,2010,0,Nordeste
251270,2007,0,Nordeste
251270,2010,0,Nordeste
251272,2007,0,Nordeste
251272,2010,0,Nordeste
251274,2007,0,Nordeste
251274,2010,0,Nordeste
251274,2010,0,Nordeste
251274,2010,0,Nordeste
251274,2010,0,Nordeste
251275,2007,0,Nordeste
251275,2010,0,Nordeste
251276,2007,0,Nordeste
251276,2010,0,Nordeste
251278,2007,0,Nordeste
251278,2010,0,Nordeste
251280,2007,0,Nordeste
251280,2010,0,Nordeste
251290,2007,0,Nordeste
251290,2010,0,Nordeste
251310,2007,0,Nordeste
251310,2010,0,Nordeste
251350,2007,0,Nordeste
251350,2010,0,Nordeste
251360,2007,0,Nordeste
251360,2010,0,Nordeste
251370,2007,0,Nordeste
251370,2010,0,Nordeste
251370,2010,0,Nordeste
251370,2010,0,Nordeste
251370,2010,0,Nordeste
251390,2007,0,Nordeste
251390,2010,0,Nordeste
251390,2010,0,Nordeste
251390,2010,0,Nordeste
251390,2010,0,Nordeste
251392,2007,0,Nordeste
251392,2010,0,Nordeste
251394,2007,0,Nordeste
251394,2010,0,Nordeste
251400,2007,0,Nordeste
251400,2010,0,Nordeste
251410,2007,0,Nordeste
251410,2010,0,Nordeste
251420,2007,0,Nordeste
251420,2010,0,Nordeste
251430,2007,0,Nordeste
251430,2010,0,Nordeste
251440,2007,0,Nordeste
251440,2010,0,Nordeste
251445,2007,0,Nordeste
251445,2010,0,Nordeste
251450,2007,0,Nordeste
251450,2010,0,Nordeste
251455,2007,0,Nordeste
251455,2010,0,Nordeste
251460,2007,0,Nordeste
251460,2010,0,Nordeste
251465,2007,0,Nordeste
251465,2010,0,Nordeste
251470,2007,0,Nordeste
251470,2010,0,Nordeste
251480,2007,0,Nordeste
251480,2010,0,Nordeste
251490,2007,0,Nordeste
251490,2010,0,Nordeste
251500,2007,0,Nordeste
251500,2010,0,Nordeste
251510,2007,0,Nordeste
251510,2010,0,Nordeste
251520,2007,0,Nordeste
251520,2010,0,Nordeste
251530,2007,0,Nordeste
251530,2010,0,Nordeste
251550,2007,0,Nordeste
251550,2010,0,Nordeste
251560,2007,0,Nordeste
251560,2010,0,Nordeste
251570,2007,0,Nordeste
251570,2010,0,Nordeste
251580,2007,0,Nordeste
251580,2010,0,Nordeste
251590,2007,0,Nordeste
251590,2010,0,Nordeste
251597,2007,0,Nordeste
251597,2010,0,Nordeste
251600,2007,0,Nordeste
251600,2010,0,Nordeste
251615,2007,0,Nordeste
251615,2010,0,Nordeste
251620,2007,0,Nordeste
251620,2010,0,Nordeste
251630,2007,0,Nordeste
251630,2010,0,Nordeste
251640,2007,0,Nordeste
251640,2010,0,Nordeste
251670,2007,0,Nordeste
251670,2010,0,Nordeste
251675,2007,0,Nordeste
251675,2010,0,Nordeste
251690,2007,0,Nordeste
251690,2010,0,Nordeste
251700,2007,0,Nordeste
251700,2010,0,Nordeste
251710,2007,0,Nordeste
251710,2010,0,Nordeste
251710,2010,0,Nordeste
251710,2010,0,Nordeste
251710,2010,0,Nordeste
251720,2007,0,Nordeste
251720,2010,0,Nordeste
251740,2007,0,Nordeste
251740,2010,0,Nordeste
260005,2007,0,Nordeste
260005,2010,0,Nordeste
260010,2007,0,Nordeste
260010,2010,0,Nordeste
260020,2007,0,Nordeste
260020,2010,0,Nordeste
260030,2007,0,Nordeste
260030,2010,0,Nordeste
260040,2007,0,Nordeste
260040,2010,0,Nordeste
260050,2007,0,Nordeste
260050,2010,0,Nordeste
260060,2007,0,Nordeste
260060,2010,0,Nordeste
260060,2010,0,Nordeste
260060,2010,0,Nordeste
260060,2010,0,Nordeste
260070,2007,0,Nordeste
260070,2010,0,Nordeste
260080,2007,0,Nordeste
260080,2010,0,Nordeste
260090,2007,0,Nordeste
260090,2010,0,Nordeste
260100,2007,0,Nordeste
260100,2010,0,Nordeste
260105,2007,0,Nordeste
260105,2010,0,Nordeste
260105,2010,0,Nordeste
260105,2010,0,Nordeste
260105,2010,0,Nordeste
260110,2007,0,Nordeste
260110,2010,0,Nordeste
260120,2007,0,Nordeste
260120,2010,0,Nordeste
260130,2007,0,Nordeste
260130,2010,0,Nordeste
260140,2007,0,Nordeste
260140,2010,0,Nordeste
260150,2007,0,Nordeste
260150,2010,0,Nordeste
260170,2007,0,Nordeste
260170,2010,0,Nordeste
260180,2007,0,Nordeste
260180,2010,0,Nordeste
260190,2007,0,Nordeste
260190,2010,0,Nordeste
260200,2007,0,Nordeste
260200,2010,0,Nordeste
260210,2007,0,Nordeste
260210,2010,0,Nordeste
260240,2007,0,Nordeste
260240,2010,0,Nordeste
260250,2007,0,Nordeste
260250,2010,0,Nordeste
260250,2010,0,Nordeste
260250,2010,0,Nordeste
260250,2010,0,Nordeste
260260,2007,0,Nordeste
260260,2010,0,Nordeste
260270,2007,0,Nordeste
260270,2010,0,Nordeste
260280,2007,0,Nordeste
260280,2010,0,Nordeste
260290,2007,0,Nordeste
260290,2010,0,Nordeste
260300,2007,0,Nordeste
260300,2010,0,Nordeste
260320,2007,0,Nordeste
260320,2010,0,Nordeste
260330,2007,0,Nordeste
260330,2010,0,Nordeste
260340,2007,0,Nordeste
260340,2010,0,Nordeste
260345,2007,0,Nordeste
260345,2010,0,Nordeste
260350,2007,0,Nordeste
260350,2010,0,Nordeste
260360,2007,0,Nordeste
260360,2010,0,Nordeste
260370,2007,0,Nordeste
260370,2010,0,Nordeste
260380,2007,0,Nordeste
260380,2010,0,Nordeste
260390,2007,0,Nordeste
260390,2010,0,Nordeste
260392,2007,0,Nordeste
260392,2010,0,Nordeste
260400,2007,0,Nordeste
260400,2010,0,Nordeste
260410,2007,1,Nordeste
260410,2010,1,Nordeste
260415,2007,0,Nordeste
260415,2010,0,Nordeste
260420,2007,0,Nordeste
260420,2010,0,Nordeste
260430,2007,0,Nordeste
260430,2010,0,Nordeste
260430,2010,0,Nordeste
260430,2010,0,Nordeste
260430,2010,0,Nordeste
260440,2007,0,Nordeste
260440,2010,0,Nordeste
260450,2007,0,Nordeste
260450,2010,0,Nordeste
260460,2007,0,Nordeste
260460,2010,0,Nordeste
260460,2010,0,Nordeste
260460,2010,0,Nordeste
260460,2010,0,Nordeste
260470,2007,0,Nordeste
260470,2010,0,Nordeste
260480,2007,0,Nordeste
260480,2010,0,Nordeste
260490,2007,0,Nordeste
260490,2010,0,Nordeste
260500,2007,0,Nordeste
260500,2010,0,Nordeste
260510,2007,0,Nordeste
260510,2010,0,Nordeste
260515,2007,0,Nordeste
260515,2010,0,Nordeste
260520,2007,0,Nordeste
260520,2010,0,Nordeste
260530,2007,0,Nordeste
260530,2010,0,Nordeste
260545,2007,0,Nordeste
260545,2010,0,Nordeste
260550,2007,0,Nordeste
260550,2010,0,Nordeste
260560,2007,0,Nordeste
260560,2010,0,Nordeste
260580,2007,0,Nordeste
260580,2010,0,Nordeste
260590,2007,0,Nordeste
260590,2010,0,Nordeste
260600,2007,0,Nordeste
260600,2010,0,Nordeste
260610,2007,0,Nordeste
260610,2010,0,Nordeste
260630,2007,0,Nordeste
260630,2010,0,Nordeste
260640,2007,0,Nordeste
260640,2010,0,Nordeste
260650,2007,0,Nordeste
260650,2010,0,Nordeste
260660,2007,0,Nordeste
260660,2010,0,Nordeste
260670,2007,0,Nordeste
260670,2010,0,Nordeste
260680,2007,0,Nordeste
260680,2010,0,Nordeste
260710,2007,0,Nordeste
260710,2010,0,Nordeste
260720,2007,0,Nordeste
260720,2010,0,Nordeste
260730,2007,0,Nordeste
260730,2010,0,Nordeste
260740,2007,0,Nordeste
260740,2010,0,Nordeste
260750,2007,0,Nordeste
260750,2010,0,Nordeste
260760,2007,0,Nordeste
260760,2010,0,Nordeste
260770,2007,0,Nordeste
260770,2010,0,Nordeste
260775,2007,0,Nordeste
260775,2010,0,Nordeste
260780,2007,0,Nordeste
260780,2010,0,Nordeste
260790,2007,1,Nordeste
260790,2010,1,Nordeste
260795,2007,0,Nordeste
260795,2010,0,Nordeste
260800,2007,0,Nordeste
260800,2010,0,Nordeste
260805,2007,0,Nordeste
260805,2010,0,Nordeste
260805,2010,0,Nordeste
260805,2010,0,Nordeste
260805,2010,0,Nordeste
260810,2007,0,Nordeste
260810,2010,0,Nordeste
260820,2007,0,Nordeste
260820,2010,0,Nordeste
260825,2007,0,Nordeste
260825,2010,0,Nordeste
260830,2007,0,Nordeste
260830,2010,0,Nordeste
260840,2007,0,Nordeste
260840,2010,0,Nordeste
260840,2010,0,Nordeste
260840,2010,0,Nordeste
260840,2010,0,Nordeste
260845,2007,0,Nordeste
260845,2010,0,Nordeste
260850,2007,0,Nordeste
260850,2010,0,Nordeste
260860,2007,0,Nordeste
260860,2010,0,Nordeste
260870,2007,0,Nordeste
260870,2010,0,Nordeste
260880,2007,0,Nordeste
260880,2010,0,Nordeste
260890,2007,0,Nordeste
260890,2010,0,Nordeste
260900,2007,0,Nordeste
260900,2010,0,Nordeste
260910,2007,0,Nordeste
260910,2010,0,Nordeste
260915,2007,0,Nordeste
260915,2010,0,Nordeste
260920,2007,0,Nordeste
260920,2010,0,Nordeste
260930,2007,0,Nordeste
260930,2010,0,Nordeste
260940,2007,0,Nordeste
260940,2010,0,Nordeste
260950,2007,0,Nordeste
260950,2010,0,Nordeste
260960,2007,1,Nordeste
260960,2010,1,Nordeste
260970,2007,0,Nordeste
260970,2010,0,Nordeste
260980,2007,0,Nordeste
260980,2010,0,Nordeste
260990,2007,0,Nordeste
260990,2010,0,Nordeste
261000,2007,0,Nordeste
261000,2010,0,Nordeste
261010,2007,0,Nordeste
261010,2010,0,Nordeste
261020,2007,0,Nordeste
261020,2010,0,Nordeste
261030,2007,0,Nordeste
261030,2010,0,Nordeste
261040,2007,0,Nordeste
261040,2010,0,Nordeste
261040,2010,0,Nordeste
261040,2010,0,Nordeste
261040,2010,0,Nordeste
261050,2007,0,Nordeste
261050,2010,0,Nordeste
261060,2007,0,Nordeste
261060,2010,0,Nordeste
261070,2007,1,Nordeste
261070,2010,1,Nordeste
261070,2010,1,Nordeste
261070,2010,1,Nordeste
261070,2010,1,Nordeste
261080,2007,0,Nordeste
261080,2010,0,Nordeste
261090,2007,0,Nordeste
261090,2010,0,Nordeste
261110,2007,1,Nordeste
261110,2010,1,Nordeste
261120,2007,0,Nordeste
261120,2010,0,Nordeste
261130,2007,0,Nordeste
261130,2010,0,Nordeste
261140,2007,0,Nordeste
261140,2010,0,Nordeste
261140,2010,0,Nordeste
261140,2010,0,Nordeste
261140,2010,0,Nordeste
261150,2007,0,Nordeste
261150,2010,0,Nordeste
261153,2007,0,Nordeste
261153,2010,0,Nordeste
261153,2010,0,Nordeste
261153,2010,0,Nordeste
261153,2010,0,Nordeste
261160,2007,1,Nordeste
261160,2010,1,Nordeste
261170,2007,0,Nordeste
261170,2010,0,Nordeste
261180,2007,0,Nordeste
261180,2010,0,Nordeste
261190,2007,0,Nordeste
261190,2010,0,Nordeste
261200,2007,0,Nordeste
261200,2010,0,Nordeste
261210,2007,0,Nordeste
261210,2010,0,Nordeste
261210,2010,0,Nordeste
261210,2010,0,Nordeste
261210,2010,0,Nordeste
261220,2007,0,Nordeste
261220,2010,0,Nordeste
261230,2007,0,Nordeste
261230,2010,0,Nordeste
261240,2007,0,Nordeste
261240,2010,0,Nordeste
261245,2007,0,Nordeste
261245,2010,0,Nordeste
261245,2010,0,Nordeste
261245,2010,0,Nordeste
261245,2010,0,Nordeste
261245,2010,0,Nordeste
261245,2010,0,Nordeste
261245,2010,0,Nordeste
261245,2010,0,Nordeste
261245,2010,0,Nordeste
261247,2007,0,Nordeste
261247,2010,0,Nordeste
261250,2007,0,Nordeste
261250,2010,0,Nordeste
261255,2007,0,Nordeste
261255,2010,0,Nordeste
261255,2010,0,Nordeste
261255,2010,0,Nordeste
261255,2010,0,Nordeste
261260,2007,0,Nordeste
261260,2010,0,Nordeste
261270,2007,0,Nordeste
261270,2010,0,Nordeste
261290,2007,0,Nordeste
261290,2010,0,Nordeste
261300,2007,0,Nordeste
261300,2010,0,Nordeste
261310,2007,0,Nordeste
261310,2010,0,Nordeste
261330,2007,0,Nordeste
261330,2010,0,Nordeste
261340,2007,0,Nordeste
261340,2010,0,Nordeste
261350,2007,0,Nordeste
261350,2010,0,Nordeste
261360,2007,0,Nordeste
261360,2010,0,Nordeste
261370,2007,0,Nordeste
261370,2010,0,Nordeste
261380,2007,0,Nordeste
261380,2010,0,Nordeste
261380,2010,0,Nordeste
261380,2010,0,Nordeste
261380,2010,0,Nordeste
261390,2007,0,Nordeste
261390,2010,0,Nordeste
261400,2007,0,Nordeste
261400,2010,0,Nordeste
261410,2007,0,Nordeste
261410,2010,0,Nordeste
261420,2007,0,Nordeste
261420,2010,0,Nordeste
261430,2007,0,Nordeste
261430,2010,0,Nordeste
261440,2007,0,Nordeste
261440,2010,0,Nordeste
261450,2007,0,Nordeste
261450,2010,0,Nordeste
261460,2007,0,Nordeste
261460,2010,0,Nordeste
261470,2007,0,Nordeste
261470,2010,0,Nordeste
261480,2007,0,Nordeste
261480,2010,0,Nordeste
261485,2007,0,Nordeste
261485,2010,0,Nordeste
261500,2007,0,Nordeste
261500,2010,0,Nordeste
261510,2007,0,Nordeste
261510,2010,0,Nordeste
261530,2007,0,Nordeste
261530,2010,0,Nordeste
261540,2007,0,Nordeste
261540,2010,0,Nordeste
261550,2007,0,Nordeste
261550,2010,0,Nordeste
261580,2007,0,Nordeste
261580,2010,0,Nordeste
261590,2007,0,Nordeste
261590,2010,0,Nordeste
261600,2007,0,Nordeste
261600,2010,0,Nordeste
261610,2007,0,Nordeste
261610,2010,0,Nordeste
261618,2007,0,Nordeste
261618,2010,0,Nordeste
261620,2007,0,Nordeste
261620,2010,0,Nordeste
261630,2007,0,Nordeste
261630,2010,0,Nordeste
261640,2007,0,Nordeste
261640,2010,0,Nordeste
261650,2007,0,Nordeste
261650,2010,0,Nordeste
270010,2007,0,Nordeste
270010,2010,0,Nordeste
270010,2010,0,Nordeste
270010,2010,0,Nordeste
270010,2010,0,Nordeste
270010,2010,0,Nordeste
270010,2010,0,Nordeste
270010,2010,0,Nordeste
270010,2010,0,Nordeste
270010,2010,0,Nordeste
270020,2007,0,Nordeste
270020,2010,0,Nordeste
270030,2007,0,Nordeste
270030,2010,0,Nordeste
270050,2007,0,Nordeste
270050,2010,0,Nordeste
270060,2007,0,Nordeste
270060,2010,0,Nordeste
270060,2010,0,Nordeste
270060,2010,0,Nordeste
270060,2010,0,Nordeste
270070,2007,0,Nordeste
270070,2010,0,Nordeste
270070,2010,0,Nordeste
270070,2010,0,Nordeste
270070,2010,0,Nordeste
270080,2007,0,Nordeste
270080,2010,0,Nordeste
270080,2010,0,Nordeste
270080,2010,0,Nordeste
270080,2010,0,Nordeste
270080,2010,0,Nordeste
270080,2010,0,Nordeste
270080,2010,0,Nordeste
270080,2010,0,Nordeste
270080,2010,0,Nordeste
270090,2007,0,Nordeste
270090,2010,0,Nordeste
270100,2007,0,Nordeste
270100,2010,0,Nordeste
270110,2007,0,Nordeste
270110,2010,0,Nordeste
270120,2007,0,Nordeste
270120,2010,0,Nordeste
270130,2007,0,Nordeste
270130,2010,0,Nordeste
270160,2007,0,Nordeste
270160,2010,0,Nordeste
270180,2007,0,Nordeste
270180,2010,0,Nordeste
270190,2007,0,Nordeste
270190,2010,0,Nordeste
270200,2007,0,Nordeste
270200,2010,0,Nordeste
270210,2007,0,Nordeste
270210,2010,0,Nordeste
270220,2007,0,Nordeste
270220,2010,0,Nordeste
270230,2007,0,Nordeste
270230,2010,0,Nordeste
270235,2007,0,Nordeste
270235,2010,0,Nordeste
270240,2007,0,Nordeste
270240,2010,0,Nordeste
270250,2007,0,Nordeste
270250,2010,0,Nordeste
270255,2007,0,Nordeste
270255,2010,0,Nordeste
270260,2007,0,Nordeste
270260,2010,0,Nordeste
270270,2007,0,Nordeste
270270,2010,0,Nordeste
270280,2007,0,Nordeste
270280,2010,0,Nordeste
270290,2007,0,Nordeste
270290,2010,0,Nordeste
270300,2007,0,Nordeste
270300,2010,0,Nordeste
270310,2007,0,Nordeste
270310,2010,0,Nordeste
270320,2007,0,Nordeste
270320,2010,0,Nordeste
270330,2007,0,Nordeste
270330,2010,0,Nordeste
270340,2007,0,Nordeste
270340,2010,0,Nordeste
270350,2007,0,Nordeste
270350,2010,0,Nordeste
270360,2007,0,Nordeste
270360,2010,0,Nordeste
270370,2007,0,Nordeste
270370,2010,0,Nordeste
270375,2007,0,Nordeste
270375,2010,0,Nordeste
270380,2007,0,Nordeste
270380,2010,0,Nordeste
270390,2007,0,Nordeste
270390,2010,0,Nordeste
270390,2010,0,Nordeste
270390,2010,0,Nordeste
270390,2010,0,Nordeste
270400,2007,0,Nordeste
270400,2010,0,Nordeste
270410,2007,0,Nordeste
270410,2010,0,Nordeste
270420,2007,0,Nordeste
270420,2010,0,Nordeste
270430,2007,1,Nordeste
270430,2010,1,Nordeste
270440,2007,0,Nordeste
270440,2010,0,Nordeste
270450,2007,0,Nordeste
270450,2010,0,Nordeste
270470,2007,0,Nordeste
270470,2010,0,Nordeste
270480,2007,0,Nordeste
270480,2010,0,Nordeste
270490,2007,0,Nordeste
270490,2010,0,Nordeste
270500,2007,0,Nordeste
270500,2010,0,Nordeste
270510,2007,0,Nordeste
270510,2010,0,Nordeste
270520,2007,0,Nordeste
270520,2010,0,Nordeste
270530,2007,0,Nordeste
270530,2010,0,Nordeste
270540,2007,0,Nordeste
270540,2010,0,Nordeste
270550,2007,0,Nordeste
270550,2010,0,Nordeste
270560,2007,0,Nordeste
270560,2010,0,Nordeste
270570,2007,0,Nordeste
270570,2010,0,Nordeste
270580,2007,0,Nordeste
270580,2010,0,Nordeste
270590,2007,0,Nordeste
270590,2010,0,Nordeste
270600,2007,0,Nordeste
270600,2010,0,Nordeste
270630,2007,0,Nordeste
270630,2010,0,Nordeste
270640,2007,0,Nordeste
270640,2010,0,Nordeste
270642,2007,0,Nordeste
270642,2010,0,Nordeste
270644,2007,0,Nordeste
270644,2010,0,Nordeste
270650,2007,0,Nordeste
270650,2010,0,Nordeste
270660,2007,0,Nordeste
270660,2010,0,Nordeste
270670,2007,0,Nordeste
270670,2010,0,Nordeste
270680,2007,0,Nordeste
270680,2010,0,Nordeste
270690,2007,0,Nordeste
270690,2010,0,Nordeste
270690,2010,0,Nordeste
270690,2010,0,Nordeste
270690,2010,0,Nordeste
270700,2007,0,Nordeste
270700,2010,0,Nordeste
270720,2007,0,Nordeste
270720,2010,0,Nordeste
270730,2007,0,Nordeste
270730,2010,0,Nordeste
270740,2007,0,Nordeste
270740,2010,0,Nordeste
270750,2007,0,Nordeste
270750,2010,0,Nordeste
270760,2007,0,Nordeste
270760,2010,0,Nordeste
270770,2007,0,Nordeste
270770,2010,0,Nordeste
270780,2007,0,Nordeste
270780,2010,0,Nordeste
270790,2007,0,Nordeste
270790,2010,0,Nordeste
270800,2007,0,Nordeste
270800,2010,0,Nordeste
270810,2007,0,Nordeste
270810,2010,0,Nordeste
270820,2007,0,Nordeste
270820,2010,0,Nordeste
270830,2007,0,Nordeste
270830,2010,0,Nordeste
270840,2007,0,Nordeste
270840,2010,0,Nordeste
270850,2007,0,Nordeste
270850,2010,0,Nordeste
270860,2007,0,Nordeste
270860,2010,0,Nordeste
270870,2007,0,Nordeste
270870,2010,0,Nordeste
270890,2007,0,Nordeste
270890,2010,0,Nordeste
270895,2007,0,Nordeste
270895,2010,0,Nordeste
270900,2007,0,Nordeste
270900,2010,0,Nordeste
270910,2007,0,Nordeste
270910,2010,0,Nordeste
270915,2007,0,Nordeste
270915,2010,0,Nordeste
270920,2007,0,Nordeste
270920,2010,0,Nordeste
270930,2007,0,Nordeste
270930,2010,0,Nordeste
280010,2007,0,Nordeste
280010,2010,0,Nordeste
280020,2007,0,Nordeste
280020,2010,0,Nordeste
280030,2007,1,Nordeste
280030,2010,1,Nordeste
280040,2007,0,Nordeste
280040,2010,0,Nordeste
280050,2007,0,Nordeste
280050,2010,0,Nordeste
280050,2010,0,Nordeste
280050,2010,0,Nordeste
280050,2010,0,Nordeste
280060,2007,0,Nordeste
280060,2010,0,Nordeste
280067,2007,0,Nordeste
280067,2010,0,Nordeste
280070,2007,0,Nordeste
280070,2010,0,Nordeste
280100,2007,0,Nordeste
280100,2010,0,Nordeste
280110,2007,0,Nordeste
280110,2010,0,Nordeste
280120,2007,0,Nordeste
280120,2010,0,Nordeste
280130,2007,0,Nordeste
280130,2010,0,Nordeste
280130,2010,0,Nordeste
280130,2010,0,Nordeste
280130,2010,0,Nordeste
280140,2007,0,Nordeste
280140,2010,0,Nordeste
280150,2007,0,Nordeste
280150,2010,0,Nordeste
280160,2007,0,Nordeste
280160,2010,0,Nordeste
280170,2007,0,Nordeste
280170,2010,0,Nordeste
280190,2007,0,Nordeste
280190,2010,0,Nordeste
280200,2007,0,Nordeste
280200,2010,0,Nordeste
280210,2007,0,Nordeste
280210,2010,0,Nordeste
280220,2007,0,Nordeste
280220,2010,0,Nordeste
280220,2010,0,Nordeste
280220,2010,0,Nordeste
280220,2010,0,Nordeste
280230,2007,0,Nordeste
280230,2010,0,Nordeste
280240,2007,0,Nordeste
280240,2010,0,Nordeste
280250,2007,0,Nordeste
280250,2010,0,Nordeste
280260,2007,0,Nordeste
280260,2010,0,Nordeste
280270,2007,0,Nordeste
280270,2010,0,Nordeste
280280,2007,0,Nordeste
280280,2010,0,Nordeste
280290,2007,0,Nordeste
280290,2010,0,Nordeste
280290,2010,0,Nordeste
280290,2010,0,Nordeste
280290,2010,0,Nordeste
280300,2007,0,Nordeste
280300,2010,0,Nordeste
280310,2007,0,Nordeste
280310,2010,0,Nordeste
280320,2007,0,Nordeste
280320,2010,0,Nordeste
280330,2007,0,Nordeste
280330,2010,0,Nordeste
280340,2007,0,Nordeste
280340,2010,0,Nordeste
280350,2007,0,Nordeste
280350,2010,0,Nordeste
280360,2007,0,Nordeste
280360,2010,0,Nordeste
280370,2007,0,Nordeste
280370,2010,0,Nordeste
280380,2007,0,Nordeste
280380,2010,0,Nordeste
280390,2007,0,Nordeste
280390,2010,0,Nordeste
280400,2007,0,Nordeste
280400,2010,0,Nordeste
280410,2007,0,Nordeste
280410,2010,0,Nordeste
280420,2007,0,Nordeste
280420,2010,0,Nordeste
280430,2007,0,Nordeste
280430,2010,0,Nordeste
280440,2007,0,Nordeste
280440,2010,0,Nordeste
280445,2007,0,Nordeste
280445,2010,0,Nordeste
280450,2007,0,Nordeste
280450,2010,0,Nordeste
280460,2007,0,Nordeste
280460,2010,0,Nordeste
280470,2007,0,Nordeste
280470,2010,0,Nordeste
280480,2007,0,Nordeste
280480,2010,0,Nordeste
280490,2007,0,Nordeste
280490,2010,0,Nordeste
280490,2010,0,Nordeste
280490,2010,0,Nordeste
280490,2010,0,Nordeste
280500,2007,0,Nordeste
280500,2010,0,Nordeste
280510,2007,0,Nordeste
280510,2010,0,Nordeste
280530,2007,0,Nordeste
280530,2010,0,Nordeste
280540,2007,0,Nordeste
280540,2010,0,Nordeste
280550,2007,0,Nordeste
280550,2010,0,Nordeste
280560,2007,0,Nordeste
280560,2010,0,Nordeste
280570,2007,0,Nordeste
280570,2010,0,Nordeste
280580,2007,0,Nordeste
280580,2010,0,Nordeste
280590,2007,0,Nordeste
280590,2010,0,Nordeste
280590,2010,0,Nordeste
280590,2010,0,Nordeste
280590,2010,0,Nordeste
280600,2007,0,Nordeste
280600,2010,0,Nordeste
280610,2007,0,Nordeste
280610,2010,0,Nordeste
280620,2007,0,Nordeste
280620,2010,0,Nordeste
280630,2007,0,Nordeste
280630,2010,0,Nordeste
280640,2007,0,Nordeste
280640,2010,0,Nordeste
280660,2007,0,Nordeste
280660,2010,0,Nordeste
280670,2007,0,Nordeste
280670,2010,0,Nordeste
280700,2007,0,Nordeste
280700,2010,0,Nordeste
280710,2007,0,Nordeste
280710,2010,0,Nordeste
280720,2007,0,Nordeste
280720,2010,0,Nordeste
280730,2007,0,Nordeste
280730,2010,0,Nordeste
280740,2007,0,Nordeste
280740,2010,0,Nordeste
280750,2007,0,Nordeste
280750,2010,0,Nordeste
280760,2007,0,Nordeste
280760,2010,0,Nordeste
290010,2007,0,Nordeste
290010,2010,0,Nordeste
290020,2007,0,Nordeste
290020,2010,0,Nordeste
290030,2007,0,Nordeste
290030,2010,0,Nordeste
290035,2007,0,Nordeste
290035,2010,0,Nordeste
290040,2007,0,Nordeste
290040,2010,0,Nordeste
290050,2007,0,Nordeste
290050,2010,0,Nordeste
290060,2007,0,Nordeste
290060,2010,0,Nordeste
290070,2007,0,Nordeste
290070,2010,0,Nordeste
290080,2007,0,Nordeste
290080,2010,0,Nordeste
290090,2007,0,Nordeste
290090,2010,0,Nordeste
290100,2007,0,Nordeste
290100,2010,0,Nordeste
290110,2007,0,Nordeste
290110,2010,0,Nordeste
290115,2007,0,Nordeste
290115,2010,0,Nordeste
290120,2007,0,Nordeste
290120,2010,0,Nordeste
290130,2007,0,Nordeste
290130,2010,0,Nordeste
290135,2007,0,Nordeste
290135,2010,0,Nordeste
290140,2007,0,Nordeste
290140,2010,0,Nordeste
290150,2007,0,Nordeste
290150,2010,0,Nordeste
290160,2007,0,Nordeste
290160,2010,0,Nordeste
290170,2007,0,Nordeste
290170,2010,0,Nordeste
290180,2007,0,Nordeste
290180,2010,0,Nordeste
290190,2007,0,Nordeste
290190,2010,0,Nordeste
290195,2007,0,Nordeste
290195,2010,0,Nordeste
290200,2007,0,Nordeste
290200,2010,0,Nordeste
290205,2007,0,Nordeste
290205,2010,0,Nordeste
290210,2007,0,Nordeste
290210,2010,0,Nordeste
290220,2007,0,Nordeste
290220,2010,0,Nordeste
290225,2007,0,Nordeste
290225,2010,0,Nordeste
290230,2007,0,Nordeste
290230,2010,0,Nordeste
290240,2007,0,Nordeste
290240,2010,0,Nordeste
290250,2007,0,Nordeste
290250,2010,0,Nordeste
290260,2007,0,Nordeste
290260,2010,0,Nordeste
290265,2007,0,Nordeste
290265,2010,0,Nordeste
290270,2007,0,Nordeste
290270,2010,0,Nordeste
290280,2007,0,Nordeste
290280,2010,0,Nordeste
290290,2007,0,Nordeste
290290,2010,0,Nordeste
290300,2007,0,Nordeste
290300,2010,0,Nordeste
290310,2007,0,Nordeste
290310,2010,0,Nordeste
290320,2007,0,Nordeste
290320,2010,0,Nordeste
290327,2007,0,Nordeste
290327,2010,0,Nordeste
290330,2007,0,Nordeste
290330,2010,0,Nordeste
290350,2007,0,Nordeste
290350,2010,0,Nordeste
290360,2007,0,Nordeste
290360,2010,0,Nordeste
290370,2007,0,Nordeste
290370,2010,0,Nordeste
290380,2007,0,Nordeste
290380,2010,0,Nordeste
290390,2007,0,Nordeste
290390,2010,0,Nordeste
290395,2007,0,Nordeste
290395,2010,0,Nordeste
290400,2007,0,Nordeste
290400,2010,0,Nordeste
290410,2007,0,Nordeste
290410,2010,0,Nordeste
290420,2007,0,Nordeste
290420,2010,0,Nordeste
290430,2007,0,Nordeste
290430,2010,0,Nordeste
290440,2007,0,Nordeste
290440,2010,0,Nordeste
290450,2007,0,Nordeste
290450,2010,0,Nordeste
290460,2007,0,Nordeste
290460,2010,0,Nordeste
290470,2007,0,Nordeste
290470,2010,0,Nordeste
290475,2007,0,Nordeste
290475,2010,0,Nordeste
290480,2007,0,Nordeste
290480,2010,0,Nordeste
290485,2007,0,Nordeste
290485,2010,0,Nordeste
290490,2007,0,Nordeste
290490,2010,0,Nordeste
290500,2007,0,Nordeste
290500,2010,0,Nordeste
290510,2007,0,Nordeste
290510,2010,0,Nordeste
290515,2007,0,Nordeste
290515,2010,0,Nordeste
290520,2007,0,Nordeste
290520,2010,0,Nordeste
290530,2007,0,Nordeste
290530,2010,0,Nordeste
290540,2007,0,Nordeste
290540,2010,0,Nordeste
290550,2007,0,Nordeste
290550,2010,0,Nordeste
290560,2007,0,Nordeste
290560,2010,0,Nordeste
290570,2007,1,Nordeste
290570,2010,1,Nordeste
290580,2007,0,Nordeste
290580,2010,0,Nordeste
290590,2007,0,Nordeste
290590,2010,0,Nordeste
290600,2007,0,Nordeste
290600,2010,0,Nordeste
290630,2007,0,Nordeste
290630,2010,0,Nordeste
290640,2007,0,Nordeste
290640,2010,0,Nordeste
290660,2007,0,Nordeste
290660,2010,0,Nordeste
290670,2007,0,Nordeste
290670,2010,0,Nordeste
290680,2007,0,Nordeste
290680,2010,0,Nordeste
290682,2007,0,Nordeste
290682,2010,0,Nordeste
290685,2007,0,Nordeste
290685,2010,0,Nordeste
290687,2007,0,Nordeste
290687,2010,0,Nordeste
290689,2007,0,Nordeste
290689,2010,0,Nordeste
290690,2007,0,Nordeste
290690,2010,0,Nordeste
290700,2007,0,Nordeste
290700,2010,0,Nordeste
290710,2007,0,Nordeste
290710,2010,0,Nordeste
290720,2007,0,Nordeste
290720,2010,0,Nordeste
290730,2007,0,Nordeste
290730,2010,0,Nordeste
290740,2007,0,Nordeste
290740,2010,0,Nordeste
290750,2007,0,Nordeste
290750,2010,0,Nordeste
290755,2007,0,Nordeste
290755,2010,0,Nordeste
290760,2007,0,Nordeste
290760,2010,0,Nordeste
290770,2007,0,Nordeste
290770,2010,0,Nordeste
290780,2007,0,Nordeste
290780,2010,0,Nordeste
290790,2007,0,Nordeste
290790,2010,0,Nordeste
290800,2007,0,Nordeste
290800,2010,0,Nordeste
290810,2007,0,Nordeste
290810,2010,0,Nordeste
290820,2007,0,Nordeste
290820,2010,0,Nordeste
290830,2007,0,Nordeste
290830,2010,0,Nordeste
290840,2007,0,Nordeste
290840,2010,0,Nordeste
290850,2007,0,Nordeste
290850,2010,0,Nordeste
290860,2007,0,Nordeste
290860,2010,0,Nordeste
290860,2010,0,Nordeste
290860,2010,0,Nordeste
290860,2010,0,Nordeste
290870,2007,0,Nordeste
290870,2010,0,Nordeste
290880,2007,0,Nordeste
290880,2010,0,Nordeste
290890,2007,0,Nordeste
290890,2010,0,Nordeste
290900,2007,0,Nordeste
290900,2010,0,Nordeste
290910,2007,0,Nordeste
290910,2010,0,Nordeste
290920,2007,0,Nordeste
290920,2010,0,Nordeste
290930,2007,0,Nordeste
290930,2010,0,Nordeste
290940,2007,0,Nordeste
290940,2010,0,Nordeste
290950,2007,0,Nordeste
290950,2010,0,Nordeste
290960,2007,0,Nordeste
290960,2010,0,Nordeste
290970,2007,0,Nordeste
290970,2010,0,Nordeste
290980,2007,0,Nordeste
290980,2010,0,Nordeste
290990,2007,0,Nordeste
290990,2010,0,Nordeste
291000,2007,0,Nordeste
291000,2010,0,Nordeste
291005,2007,0,Nordeste
291005,2010,0,Nordeste
291010,2007,0,Nordeste
291010,2010,0,Nordeste
291020,2007,0,Nordeste
291020,2010,0,Nordeste
291030,2007,0,Nordeste
291030,2010,0,Nordeste
291040,2007,0,Nordeste
291040,2010,0,Nordeste
291060,2007,0,Nordeste
291060,2010,0,Nordeste
291070,2007,0,Nordeste
291070,2010,0,Nordeste
291072,2007,0,Nordeste
291072,2010,0,Nordeste
291075,2007,0,Nordeste
291075,2010,0,Nordeste
291075,2010,0,Nordeste
291075,2010,0,Nordeste
291075,2010,0,Nordeste
291077,2007,0,Nordeste
291077,2010,0,Nordeste
291080,2007,1,Nordeste
291080,2010,1,Nordeste
291085,2007,0,Nordeste
291085,2010,0,Nordeste
291085,2010,0,Nordeste
291085,2010,0,Nordeste
291085,2010,0,Nordeste
291090,2007,0,Nordeste
291090,2010,0,Nordeste
291100,2007,0,Nordeste
291100,2010,0,Nordeste
291110,2007,0,Nordeste
291110,2010,0,Nordeste
291120,2007,0,Nordeste
291120,2010,0,Nordeste
291125,2007,0,Nordeste
291125,2010,0,Nordeste
291130,2007,0,Nordeste
291130,2010,0,Nordeste
291140,2007,0,Nordeste
291140,2010,0,Nordeste
291150,2007,0,Nordeste
291150,2010,0,Nordeste
291160,2007,0,Nordeste
291160,2010,0,Nordeste
291165,2007,0,Nordeste
291165,2010,0,Nordeste
291170,2007,0,Nordeste
291170,2010,0,Nordeste
291180,2007,0,Nordeste
291180,2010,0,Nordeste
291185,2007,0,Nordeste
291185,2010,0,Nordeste
291190,2007,0,Nordeste
291190,2010,0,Nordeste
291200,2007,0,Nordeste
291200,2010,0,Nordeste
291210,2007,0,Nordeste
291210,2010,0,Nordeste
291220,2007,0,Nordeste
291220,2010,0,Nordeste
291230,2007,0,Nordeste
291230,2010,0,Nordeste
291240,2007,0,Nordeste
291240,2010,0,Nordeste
291250,2007,0,Nordeste
291250,2010,0,Nordeste
291260,2007,0,Nordeste
291260,2010,0,Nordeste
291270,2007,0,Nordeste
291270,2010,0,Nordeste
291280,2007,0,Nordeste
291280,2010,0,Nordeste
291290,2007,0,Nordeste
291290,2010,0,Nordeste
291300,2007,0,Nordeste
291300,2010,0,Nordeste
291310,2007,0,Nordeste
291310,2010,0,Nordeste
291320,2007,0,Nordeste
291320,2010,0,Nordeste
291330,2007,0,Nordeste
291330,2010,0,Nordeste
291340,2007,0,Nordeste
291340,2010,0,Nordeste
291345,2007,0,Nordeste
291345,2010,0,Nordeste
291350,2007,0,Nordeste
291350,2010,0,Nordeste
291360,2007,0,Nordeste
291360,2010,0,Nordeste
291370,2007,0,Nordeste
291370,2010,0,Nordeste
291380,2007,0,Nordeste
291380,2010,0,Nordeste
291390,2007,0,Nordeste
291390,2010,0,Nordeste
291410,2007,0,Nordeste
291410,2010,0,Nordeste
291420,2007,0,Nordeste
291420,2010,0,Nordeste
291430,2007,0,Nordeste
291430,2010,0,Nordeste
291440,2007,0,Nordeste
291440,2010,0,Nordeste
291450,2007,0,Nordeste
291450,2010,0,Nordeste
291460,2007,0,Nordeste
291460,2010,0,Nordeste
291465,2007,0,Nordeste
291465,2010,0,Nordeste
291470,2007,0,Nordeste
291470,2010,0,Nordeste
291480,2007,0,Nordeste
291480,2010,0,Nordeste
291490,2007,0,Nordeste
291490,2010,0,Nordeste
291500,2007,0,Nordeste
291500,2010,0,Nordeste
291510,2007,0,Nordeste
291510,2010,0,Nordeste
291520,2007,0,Nordeste
291520,2010,0,Nordeste
291530,2007,0,Nordeste
291530,2010,0,Nordeste
291535,2007,0,Nordeste
291535,2010,0,Nordeste
291540,2007,0,Nordeste
291540,2010,0,Nordeste
291550,2007,0,Nordeste
291550,2010,0,Nordeste
291560,2007,0,Nordeste
291560,2010,0,Nordeste
291570,2007,0,Nordeste
291570,2010,0,Nordeste
291590,2007,0,Nordeste
291590,2010,0,Nordeste
291600,2007,0,Nordeste
291600,2010,0,Nordeste
291610,2007,0,Nordeste
291610,2010,0,Nordeste
291620,2007,0,Nordeste
291620,2010,0,Nordeste
291630,2007,0,Nordeste
291630,2010,0,Nordeste
291640,2007,0,Nordeste
291640,2010,0,Nordeste
291650,2007,0,Nordeste
291650,2010,0,Nordeste
291660,2007,0,Nordeste
291660,2010,0,Nordeste
291670,2007,0,Nordeste
291670,2010,0,Nordeste
291680,2007,0,Nordeste
291680,2010,0,Nordeste
291685,2007,0,Nordeste
291685,2010,0,Nordeste
291690,2007,0,Nordeste
291690,2010,0,Nordeste
291700,2007,0,Nordeste
291700,2010,0,Nordeste
291710,2007,0,Nordeste
291710,2010,0,Nordeste
291720,2007,0,Nordeste
291720,2010,0,Nordeste
291730,2007,0,Nordeste
291730,2010,0,Nordeste
291733,2007,0,Nordeste
291733,2010,0,Nordeste
291740,2007,0,Nordeste
291740,2010,0,Nordeste
291750,2007,0,Nordeste
291750,2010,0,Nordeste
291760,2007,0,Nordeste
291760,2010,0,Nordeste
291770,2007,0,Nordeste
291770,2010,0,Nordeste
291780,2007,0,Nordeste
291780,2010,0,Nordeste
291790,2007,0,Nordeste
291790,2010,0,Nordeste
291790,2010,0,Nordeste
291790,2010,0,Nordeste
291790,2010,0,Nordeste
291800,2007,0,Nordeste
291800,2010,0,Nordeste
291810,2007,0,Nordeste
291810,2010,0,Nordeste
291820,2007,0,Nordeste
291820,2010,0,Nordeste
291830,2007,0,Nordeste
291830,2010,0,Nordeste
291835,2007,0,Nordeste
291835,2010,0,Nordeste
291840,2007,0,Nordeste
291840,2010,0,Nordeste
291845,2007,0,Nordeste
291845,2010,0,Nordeste
291855,2007,0,Nordeste
291855,2010,0,Nordeste
291860,2007,0,Nordeste
291860,2010,0,Nordeste
291870,2007,0,Nordeste
291870,2010,0,Nordeste
291875,2007,0,Nordeste
291875,2010,0,Nordeste
291880,2007,0,Nordeste
291880,2010,0,Nordeste
291890,2007,0,Nordeste
291890,2010,0,Nordeste
291900,2007,0,Nordeste
291900,2010,0,Nordeste
291905,2007,0,Nordeste
291905,2010,0,Nordeste
291910,2007,0,Nordeste
291910,2010,0,Nordeste
291915,2007,0,Nordeste
291915,2010,0,Nordeste
291920,2007,0,Nordeste
291920,2010,0,Nordeste
291930,2007,0,Nordeste
291930,2010,0,Nordeste
291940,2007,0,Nordeste
291940,2010,0,Nordeste
291950,2007,0,Nordeste
291950,2010,0,Nordeste
291955,2007,0,Nordeste
291955,2010,0,Nordeste
291960,2007,0,Nordeste
291960,2010,0,Nordeste
291970,2007,0,Nordeste
291970,2010,0,Nordeste
291980,2007,0,Nordeste
291980,2010,0,Nordeste
291990,2007,0,Nordeste
291990,2010,0,Nordeste
291992,2007,0,Nordeste
291992,2010,0,Nordeste
291995,2007,0,Nordeste
291995,2010,0,Nordeste
292000,2007,0,Nordeste
292000,2010,0,Nordeste
292010,2007,0,Nordeste
292010,2010,0,Nordeste
292020,2007,0,Nordeste
292020,2010,0,Nordeste
292030,2007,0,Nordeste
292030,2010,0,Nordeste
292040,2007,0,Nordeste
292040,2010,0,Nordeste
292045,2007,0,Nordeste
292045,2010,0,Nordeste
292050,2007,0,Nordeste
292050,2010,0,Nordeste
292060,2007,0,Nordeste
292060,2010,0,Nordeste
292080,2007,0,Nordeste
292080,2010,0,Nordeste
292090,2007,0,Nordeste
292090,2010,0,Nordeste
292100,2007,0,Nordeste
292100,2010,0,Nordeste
292105,2007,0,Nordeste
292105,2010,0,Nordeste
292110,2007,0,Nordeste
292110,2010,0,Nordeste
292120,2007,0,Nordeste
292120,2010,0,Nordeste
292130,2007,0,Nordeste
292130,2010,0,Nordeste
292130,2010,0,Nordeste
292130,2010,0,Nordeste
292130,2010,0,Nordeste
292140,2007,0,Nordeste
292140,2010,0,Nordeste
292145,2007,0,Nordeste
292145,2010,0,Nordeste
292150,2007,0,Nordeste
292150,2010,0,Nordeste
292160,2007,0,Nordeste
292160,2010,0,Nordeste
292170,2007,0,Nordeste
292170,2010,0,Nordeste
292180,2007,0,Nordeste
292180,2010,0,Nordeste
292190,2007,0,Nordeste
292190,2010,0,Nordeste
292200,2007,0,Nordeste
292200,2010,0,Nordeste
292205,2007,0,Nordeste
292205,2010,0,Nordeste
292220,2007,0,Nordeste
292220,2010,0,Nordeste
292225,2007,0,Nordeste
292225,2010,0,Nordeste
292230,2007,0,Nordeste
292230,2010,0,Nordeste
292240,2007,0,Nordeste
292240,2010,0,Nordeste
292250,2007,0,Nordeste
292250,2010,0,Nordeste
292250,2010,0,Nordeste
292250,2010,0,Nordeste
292250,2010,0,Nordeste
292260,2007,0,Nordeste
292260,2010,0,Nordeste
292265,2007,0,Nordeste
292265,2010,0,Nordeste
292270,2007,0,Nordeste
292270,2010,0,Nordeste
292275,2007,0,Nordeste
292275,2010,0,Nordeste
292280,2007,0,Nordeste
292280,2010,0,Nordeste
292285,2007,0,Nordeste
292285,2010,0,Nordeste
292290,2007,0,Nordeste
292290,2010,0,Nordeste
292300,2007,0,Nordeste
292300,2010,0,Nordeste
292305,2007,0,Nordeste
292305,2010,0,Nordeste
292310,2007,0,Nordeste
292310,2010,0,Nordeste
292320,2007,0,Nordeste
292320,2010,0,Nordeste
292330,2007,0,Nordeste
292330,2010,0,Nordeste
292335,2007,0,Nordeste
292335,2010,0,Nordeste
292340,2007,0,Nordeste
292340,2010,0,Nordeste
292350,2007,0,Nordeste
292350,2010,0,Nordeste
292360,2007,0,Nordeste
292360,2010,0,Nordeste
292370,2007,0,Nordeste
292370,2010,0,Nordeste
292380,2007,0,Nordeste
292380,2010,0,Nordeste
292390,2007,0,Nordeste
292390,2010,0,Nordeste
292400,2007,0,Nordeste
292400,2010,0,Nordeste
292405,2007,0,Nordeste
292405,2010,0,Nordeste
292410,2007,0,Nordeste
292410,2010,0,Nordeste
292420,2007,0,Nordeste
292420,2010,0,Nordeste
292430,2007,0,Nordeste
292430,2010,0,Nordeste
292440,2007,0,Nordeste
292440,2010,0,Nordeste
292450,2007,0,Nordeste
292450,2010,0,Nordeste
292460,2007,0,Nordeste
292460,2010,0,Nordeste
292465,2007,0,Nordeste
292465,2010,0,Nordeste
292467,2007,0,Nordeste
292467,2010,0,Nordeste
292470,2007,0,Nordeste
292470,2010,0,Nordeste
292480,2007,0,Nordeste
292480,2010,0,Nordeste
292490,2007,0,Nordeste
292490,2010,0,Nordeste
292510,2007,0,Nordeste
292510,2010,0,Nordeste
292520,2007,0,Nordeste
292520,2010,0,Nordeste
292525,2007,0,Nordeste
292525,2010,0,Nordeste
292530,2007,0,Nordeste
292530,2010,0,Nordeste
292540,2007,0,Nordeste
292540,2010,0,Nordeste
292550,2007,0,Nordeste
292550,2010,0,Nordeste
292560,2007,0,Nordeste
292560,2010,0,Nordeste
292560,2010,0,Nordeste
292560,2010,0,Nordeste
292560,2010,0,Nordeste
292570,2007,0,Nordeste
292570,2010,0,Nordeste
292575,2007,0,Nordeste
292575,2010,0,Nordeste
292580,2007,0,Nordeste
292580,2010,0,Nordeste
292580,2010,0,Nordeste
292580,2010,0,Nordeste
292580,2010,0,Nordeste
292590,2007,0,Nordeste
292590,2010,0,Nordeste
292593,2007,0,Nordeste
292593,2010,0,Nordeste
292595,2007,0,Nordeste
292595,2010,0,Nordeste
292600,2007,0,Nordeste
292600,2010,0,Nordeste
292610,2007,0,Nordeste
292610,2010,0,Nordeste
292620,2007,0,Nordeste
292620,2010,0,Nordeste
292630,2007,0,Nordeste
292630,2010,0,Nordeste
292640,2007,0,Nordeste
292640,2010,0,Nordeste
292640,2010,0,Nordeste
292640,2010,0,Nordeste
292640,2010,0,Nordeste
292650,2007,0,Nordeste
292650,2010,0,Nordeste
292660,2007,0,Nordeste
292660,2010,0,Nordeste
292665,2007,0,Nordeste
292665,2010,0,Nordeste
292670,2007,0,Nordeste
292670,2010,0,Nordeste
292680,2007,0,Nordeste
292680,2010,0,Nordeste
292690,2007,0,Nordeste
292690,2010,0,Nordeste
292700,2007,0,Nordeste
292700,2010,0,Nordeste
292710,2007,0,Nordeste
292710,2010,0,Nordeste
292720,2007,0,Nordeste
292720,2010,0,Nordeste
292720,2010,0,Nordeste
292720,2010,0,Nordeste
292720,2010,0,Nordeste
292730,2007,0,Nordeste
292730,2010,0,Nordeste
292740,2007,1,Nordeste
292740,2010,1,Nordeste
292760,2007,0,Nordeste
292760,2010,0,Nordeste
292770,2007,0,Nordeste
292770,2010,0,Nordeste
292780,2007,0,Nordeste
292780,2010,0,Nordeste
292800,2007,0,Nordeste
292800,2010,0,Nordeste
292810,2007,0,Nordeste
292810,2010,0,Nordeste
292820,2007,0,Nordeste
292820,2010,0,Nordeste
292820,2010,0,Nordeste
292820,2010,0,Nordeste
292820,2010,0,Nordeste
292830,2007,0,Nordeste
292830,2010,0,Nordeste
292840,2007,0,Nordeste
292840,2010,0,Nordeste
292850,2007,0,Nordeste
292850,2010,0,Nordeste
292850,2010,0,Nordeste
292850,2010,0,Nordeste
292850,2010,0,Nordeste
292860,2007,0,Nordeste
292860,2010,0,Nordeste
292870,2007,0,Nordeste
292870,2010,0,Nordeste
292880,2007,0,Nordeste
292880,2010,0,Nordeste
292890,2007,0,Nordeste
292890,2010,0,Nordeste
292900,2007,0,Nordeste
292900,2010,0,Nordeste
292905,2007,0,Nordeste
292905,2010,0,Nordeste
292910,2007,0,Nordeste
292910,2010,0,Nordeste
292920,2007,0,Nordeste
292920,2010,0,Nordeste
292930,2007,0,Nordeste
292930,2010,0,Nordeste
292935,2007,0,Nordeste
292935,2010,0,Nordeste
292937,2007,0,Nordeste
292937,2010,0,Nordeste
292940,2007,0,Nordeste
292940,2010,0,Nordeste
292950,2007,0,Nordeste
292950,2010,0,Nordeste
292960,2007,0,Nordeste
292960,2010,0,Nordeste
292970,2007,0,Nordeste
292970,2010,0,Nordeste
292975,2007,0,Nordeste
292975,2010,0,Nordeste
292980,2007,0,Nordeste
292980,2010,0,Nordeste
292990,2007,0,Nordeste
292990,2010,0,Nordeste
293000,2007,0,Nordeste
293000,2010,0,Nordeste
293010,2007,0,Nordeste
293010,2010,0,Nordeste
293015,2007,0,Nordeste
293015,2010,0,Nordeste
293020,2007,0,Nordeste
293020,2010,0,Nordeste
293030,2007,0,Nordeste
293030,2010,0,Nordeste
293040,2007,0,Nordeste
293040,2010,0,Nordeste
293050,2007,0,Nordeste
293050,2010,0,Nordeste
293050,2010,0,Nordeste
293050,2010,0,Nordeste
293050,2010,0,Nordeste
293060,2007,0,Nordeste
293060,2010,0,Nordeste
293070,2007,0,Nordeste
293070,2010,0,Nordeste
293075,2007,0,Nordeste
293075,2010,0,Nordeste
293076,2007,0,Nordeste
293076,2010,0,Nordeste
293080,2007,0,Nordeste
293080,2010,0,Nordeste
293090,2007,0,Nordeste
293090,2010,0,Nordeste
293100,2007,0,Nordeste
293100,2010,0,Nordeste
293105,2007,0,Nordeste
293105,2010,0,Nordeste
293110,2007,0,Nordeste
293110,2010,0,Nordeste
293120,2007,0,Nordeste
293120,2010,0,Nordeste
293120,2010,0,Nordeste
293120,2010,0,Nordeste
293120,2010,0,Nordeste
293130,2007,0,Nordeste
293130,2010,0,Nordeste
293135,2007,0,Nordeste
293135,2010,0,Nordeste
293150,2007,0,Nordeste
293150,2010,0,Nordeste
293160,2007,0,Nordeste
293160,2010,0,Nordeste
293170,2007,0,Nordeste
293170,2010,0,Nordeste
293170,2010,0,Nordeste
293170,2010,0,Nordeste
293170,2010,0,Nordeste
293180,2007,0,Nordeste
293180,2010,0,Nordeste
293190,2007,0,Nordeste
293190,2010,0,Nordeste
293200,2007,0,Nordeste
293200,2010,0,Nordeste
293210,2007,0,Nordeste
293210,2010,0,Nordeste
293220,2007,0,Nordeste
293220,2010,0,Nordeste
293230,2007,0,Nordeste
293230,2010,0,Nordeste
293240,2007,0,Nordeste
293240,2010,0,Nordeste
293245,2007,0,Nordeste
293245,2010,0,Nordeste
293250,2007,0,Nordeste
293250,2010,0,Nordeste
293260,2007,0,Nordeste
293260,2010,0,Nordeste
293270,2007,0,Nordeste
293270,2010,0,Nordeste
293280,2007,0,Nordeste
293280,2010,0,Nordeste
293300,2007,0,Nordeste
293300,2010,0,Nordeste
293305,2007,0,Nordeste
293305,2010,0,Nordeste
293310,2007,0,Nordeste
293310,2010,0,Nordeste
293315,2007,0,Nordeste
293315,2010,0,Nordeste
293317,2007,0,Nordeste
293317,2010,0,Nordeste
293325,2007,0,Nordeste
293325,2010,0,Nordeste
293330,2007,1,Nordeste
293330,2010,1,Nordeste
293340,2007,0,Nordeste
293340,2010,0,Nordeste
293345,2007,0,Nordeste
293345,2010,0,Nordeste
293350,2007,0,Nordeste
293350,2010,0,Nordeste
293360,2007,0,Nordeste
293360,2010,0,Nordeste
310010,2007,0,Sudeste
310010,2010,0,Sudeste
310020,2007,0,Sudeste
310020,2010,0,Sudeste
310030,2007,0,Sudeste
310030,2010,0,Sudeste
310040,2007,0,Sudeste
310040,2010,0,Sudeste
310050,2007,0,Sudeste
310050,2010,0,Sudeste
310070,2007,0,Sudeste
310070,2010,0,Sudeste
310080,2007,0,Sudeste
310080,2010,0,Sudeste
310090,2007,0,Sudeste
310090,2010,0,Sudeste
310100,2007,0,Sudeste
310100,2010,0,Sudeste
310110,2007,0,Sudeste
310110,2010,0,Sudeste
310120,2007,0,Sudeste
310120,2010,0,Sudeste
310130,2007,0,Sudeste
310130,2010,0,Sudeste
310140,2007,0,Sudeste
310140,2010,0,Sudeste
310150,2007,0,Sudeste
310150,2010,0,Sudeste
310160,2007,0,Sudeste
310160,2010,0,Sudeste
310163,2007,0,Sudeste
310163,2010,0,Sudeste
310170,2007,0,Sudeste
310170,2010,0,Sudeste
310180,2007,0,Sudeste
310180,2010,0,Sudeste
310190,2007,0,Sudeste
310190,2010,0,Sudeste
310200,2007,0,Sudeste
310200,2010,0,Sudeste
310205,2007,0,Sudeste
310205,2010,0,Sudeste
310210,2007,0,Sudeste
310210,2010,0,Sudeste
310220,2007,0,Sudeste
310220,2010,0,Sudeste
310230,2007,0,Sudeste
310230,2010,0,Sudeste
310240,2007,0,Sudeste
310240,2010,0,Sudeste
310250,2007,0,Sudeste
310250,2010,0,Sudeste
310260,2007,0,Sudeste
310260,2010,0,Sudeste
310270,2007,0,Sudeste
310270,2010,0,Sudeste
310280,2007,0,Sudeste
310280,2010,0,Sudeste
310285,2007,0,Sudeste
310285,2010,0,Sudeste
310300,2007,0,Sudeste
310300,2010,0,Sudeste
310310,2007,0,Sudeste
310310,2010,0,Sudeste
310320,2007,0,Sudeste
310320,2010,0,Sudeste
310330,2007,0,Sudeste
310330,2010,0,Sudeste
310340,2007,0,Sudeste
310340,2010,0,Sudeste
310350,2007,0,Sudeste
310350,2010,0,Sudeste
310360,2007,0,Sudeste
310360,2010,0,Sudeste
310370,2007,0,Sudeste
310370,2010,0,Sudeste
310375,2007,0,Sudeste
310375,2010,0,Sudeste
310390,2007,0,Sudeste
310390,2010,0,Sudeste
310400,2007,0,Sudeste
310400,2010,0,Sudeste
310410,2007,0,Sudeste
310410,2010,0,Sudeste
310420,2007,0,Sudeste
310420,2010,0,Sudeste
310430,2007,0,Sudeste
310430,2010,0,Sudeste
310440,2007,0,Sudeste
310440,2010,0,Sudeste
310445,2007,0,Sudeste
310445,2010,0,Sudeste
310450,2007,0,Sudeste
310450,2010,0,Sudeste
310460,2007,0,Sudeste
310460,2010,0,Sudeste
310470,2007,0,Sudeste
310470,2010,0,Sudeste
310480,2007,0,Sudeste
310480,2010,0,Sudeste
310490,2007,0,Sudeste
310490,2010,0,Sudeste
310500,2007,0,Sudeste
310500,2010,0,Sudeste
310510,2007,0,Sudeste
310510,2010,0,Sudeste
310520,2007,0,Sudeste
310520,2010,0,Sudeste
310530,2007,0,Sudeste
310530,2010,0,Sudeste
310540,2007,0,Sudeste
310540,2010,0,Sudeste
310550,2007,0,Sudeste
310550,2010,0,Sudeste
310560,2007,0,Sudeste
310560,2010,0,Sudeste
310570,2007,0,Sudeste
310570,2010,0,Sudeste
310590,2007,0,Sudeste
310590,2010,0,Sudeste
310600,2007,0,Sudeste
310600,2010,0,Sudeste
310610,2007,0,Sudeste
310610,2010,0,Sudeste
310620,2007,1,Sudeste
310620,2010,1,Sudeste
310630,2007,0,Sudeste
310630,2010,0,Sudeste
310640,2007,0,Sudeste
310640,2010,0,Sudeste
310650,2007,0,Sudeste
310650,2010,0,Sudeste
310660,2007,0,Sudeste
310660,2010,0,Sudeste
310665,2007,0,Sudeste
310665,2010,0,Sudeste
310670,2007,1,Sudeste
310670,2010,1,Sudeste
310680,2007,0,Sudeste
310680,2010,0,Sudeste
310690,2007,0,Sudeste
310690,2010,0,Sudeste
310700,2007,0,Sudeste
310700,2010,0,Sudeste
310720,2007,0,Sudeste
310720,2010,0,Sudeste
310730,2007,0,Sudeste
310730,2010,0,Sudeste
310740,2007,0,Sudeste
310740,2010,0,Sudeste
310750,2007,0,Sudeste
310750,2010,0,Sudeste
310760,2007,0,Sudeste
310760,2010,0,Sudeste
310770,2007,0,Sudeste
310770,2010,0,Sudeste
310780,2007,0,Sudeste
310780,2010,0,Sudeste
310790,2007,0,Sudeste
310790,2010,0,Sudeste
310810,2007,0,Sudeste
310810,2010,0,Sudeste
310810,2010,0,Sudeste
310810,2010,0,Sudeste
310810,2010,0,Sudeste
310820,2007,0,Sudeste
310820,2010,0,Sudeste
310825,2007,0,Sudeste
310825,2010,0,Sudeste
310830,2007,0,Sudeste
310830,2010,0,Sudeste
310840,2007,0,Sudeste
310840,2010,0,Sudeste
310850,2007,0,Sudeste
310850,2010,0,Sudeste
310855,2007,0,Sudeste
310855,2010,0,Sudeste
310860,2007,0,Sudeste
310860,2010,0,Sudeste
310870,2007,0,Sudeste
310870,2010,0,Sudeste
310880,2007,0,Sudeste
310880,2010,0,Sudeste
310900,2007,0,Sudeste
310900,2010,0,Sudeste
310910,2007,0,Sudeste
310910,2010,0,Sudeste
310920,2007,0,Sudeste
310920,2010,0,Sudeste
310925,2007,0,Sudeste
310925,2010,0,Sudeste
310930,2007,0,Sudeste
310930,2010,0,Sudeste
310930,2010,0,Sudeste
310930,2010,0,Sudeste
310930,2010,0,Sudeste
310940,2007,0,Sudeste
310940,2010,0,Sudeste
310945,2007,0,Sudeste
310945,2010,0,Sudeste
310950,2007,0,Sudeste
310950,2010,0,Sudeste
310960,2007,0,Sudeste
310960,2010,0,Sudeste
310970,2007,0,Sudeste
310970,2010,0,Sudeste
310990,2007,0,Sudeste
310990,2010,0,Sudeste
311000,2007,0,Sudeste
311000,2010,0,Sudeste
311010,2007,0,Sudeste
311010,2010,0,Sudeste
311020,2007,0,Sudeste
311020,2010,0,Sudeste
311030,2007,0,Sudeste
311030,2010,0,Sudeste
311040,2007,0,Sudeste
311040,2010,0,Sudeste
311050,2007,0,Sudeste
311050,2010,0,Sudeste
311060,2007,0,Sudeste
311060,2010,0,Sudeste
311070,2007,0,Sudeste
311070,2010,0,Sudeste
311080,2007,0,Sudeste
311080,2010,0,Sudeste
311090,2007,0,Sudeste
311090,2010,0,Sudeste
311100,2007,0,Sudeste
311100,2010,0,Sudeste
311100,2010,0,Sudeste
311100,2010,0,Sudeste
311100,2010,0,Sudeste
311110,2007,0,Sudeste
311110,2010,0,Sudeste
311115,2007,0,Sudeste
311115,2010,0,Sudeste
311120,2007,0,Sudeste
311120,2010,0,Sudeste
311130,2007,0,Sudeste
311130,2010,0,Sudeste
311140,2007,0,Sudeste
311140,2010,0,Sudeste
311150,2007,0,Sudeste
311150,2010,0,Sudeste
311160,2007,0,Sudeste
311160,2010,0,Sudeste
311170,2007,0,Sudeste
311170,2010,0,Sudeste
311180,2007,0,Sudeste
311180,2010,0,Sudeste
311180,2010,0,Sudeste
311180,2010,0,Sudeste
311180,2010,0,Sudeste
311190,2007,0,Sudeste
311190,2010,0,Sudeste
311200,2007,0,Sudeste
311200,2010,0,Sudeste
311200,2010,0,Sudeste
311200,2010,0,Sudeste
311200,2010,0,Sudeste
311210,2007,0,Sudeste
311210,2010,0,Sudeste
311220,2007,0,Sudeste
311220,2010,0,Sudeste
311230,2007,0,Sudeste
311230,2010,0,Sudeste
311240,2007,0,Sudeste
311240,2010,0,Sudeste
311250,2007,0,Sudeste
311250,2010,0,Sudeste
311260,2007,0,Sudeste
311260,2010,0,Sudeste
311265,2007,0,Sudeste
311265,2010,0,Sudeste
311270,2007,0,Sudeste
311270,2010,0,Sudeste
311280,2007,0,Sudeste
311280,2010,0,Sudeste
311290,2007,0,Sudeste
311290,2010,0,Sudeste
311300,2007,0,Sudeste
311300,2010,0,Sudeste
311310,2007,0,Sudeste
311310,2010,0,Sudeste
311320,2007,0,Sudeste
311320,2010,0,Sudeste
311330,2007,0,Sudeste
311330,2010,0,Sudeste
311340,2007,0,Sudeste
311340,2010,0,Sudeste
311350,2007,0,Sudeste
311350,2010,0,Sudeste
311360,2007,0,Sudeste
311360,2010,0,Sudeste
311370,2007,0,Sudeste
311370,2010,0,Sudeste
311380,2007,0,Sudeste
311380,2010,0,Sudeste
311390,2007,0,Sudeste
311390,2010,0,Sudeste
311400,2007,0,Sudeste
311400,2010,0,Sudeste
311410,2007,0,Sudeste
311410,2010,0,Sudeste
311420,2007,0,Sudeste
311420,2010,0,Sudeste
311430,2007,0,Sudeste
311430,2010,0,Sudeste
311440,2007,0,Sudeste
311440,2010,0,Sudeste
311450,2007,0,Sudeste
311450,2010,0,Sudeste
311455,2007,0,Sudeste
311455,2010,0,Sudeste
311460,2007,0,Sudeste
311460,2010,0,Sudeste
311470,2007,0,Sudeste
311470,2010,0,Sudeste
311480,2007,0,Sudeste
311480,2010,0,Sudeste
311490,2007,0,Sudeste
311490,2010,0,Sudeste
311500,2007,0,Sudeste
311500,2010,0,Sudeste
311510,2007,0,Sudeste
311510,2010,0,Sudeste
311520,2007,0,Sudeste
311520,2010,0,Sudeste
311530,2007,0,Sudeste
311530,2010,0,Sudeste
311535,2007,0,Sudeste
311535,2010,0,Sudeste
311540,2007,0,Sudeste
311540,2010,0,Sudeste
311545,2007,0,Sudeste
311545,2010,0,Sudeste
311547,2007,0,Sudeste
311547,2010,0,Sudeste
311550,2007,0,Sudeste
311550,2010,0,Sudeste
311560,2007,0,Sudeste
311560,2010,0,Sudeste
311570,2007,0,Sudeste
311570,2010,0,Sudeste
311580,2007,0,Sudeste
311580,2010,0,Sudeste
311590,2007,0,Sudeste
311590,2010,0,Sudeste
311600,2007,0,Sudeste
311600,2010,0,Sudeste
311610,2007,0,Sudeste
311610,2010,0,Sudeste
311615,2007,0,Sudeste
311615,2010,0,Sudeste
311620,2007,0,Sudeste
311620,2010,0,Sudeste
311630,2007,0,Sudeste
311630,2010,0,Sudeste
311640,2007,0,Sudeste
311640,2010,0,Sudeste
311650,2007,0,Sudeste
311650,2010,0,Sudeste
311660,2007,0,Sudeste
311660,2010,0,Sudeste
311670,2007,0,Sudeste
311670,2010,0,Sudeste
311680,2007,0,Sudeste
311680,2010,0,Sudeste
311690,2007,0,Sudeste
311690,2010,0,Sudeste
311700,2007,0,Sudeste
311700,2010,0,Sudeste
311710,2007,0,Sudeste
311710,2010,0,Sudeste
311720,2007,0,Sudeste
311720,2010,0,Sudeste
311730,2007,0,Sudeste
311730,2010,0,Sudeste
311740,2007,0,Sudeste
311740,2010,0,Sudeste
311750,2007,0,Sudeste
311750,2010,0,Sudeste
311760,2007,0,Sudeste
311760,2010,0,Sudeste
311770,2007,0,Sudeste
311770,2010,0,Sudeste
311780,2007,0,Sudeste
311780,2010,0,Sudeste
311783,2007,0,Sudeste
311783,2010,0,Sudeste
311787,2007,0,Sudeste
311787,2010,0,Sudeste
311790,2007,0,Sudeste
311790,2010,0,Sudeste
311800,2007,0,Sudeste
311800,2010,0,Sudeste
311810,2007,0,Sudeste
311810,2010,0,Sudeste
311820,2007,0,Sudeste
311820,2010,0,Sudeste
311830,2007,0,Sudeste
311830,2010,0,Sudeste
311840,2007,0,Sudeste
311840,2010,0,Sudeste
311850,2007,0,Sudeste
311850,2010,0,Sudeste
311860,2007,1,Sudeste
311860,2010,1,Sudeste
311870,2007,0,Sudeste
311870,2010,0,Sudeste
311880,2007,0,Sudeste
311880,2010,0,Sudeste
311890,2007,0,Sudeste
311890,2010,0,Sudeste
311900,2007,0,Sudeste
311900,2010,0,Sudeste
311910,2007,0,Sudeste
311910,2010,0,Sudeste
311920,2007,0,Sudeste
311920,2010,0,Sudeste
311930,2007,0,Sudeste
311930,2010,0,Sudeste
311940,2007,0,Sudeste
311940,2010,0,Sudeste
311950,2007,0,Sudeste
311950,2010,0,Sudeste
311960,2007,0,Sudeste
311960,2010,0,Sudeste
311970,2007,0,Sudeste
311970,2010,0,Sudeste
311980,2007,0,Sudeste
311980,2010,0,Sudeste
311990,2007,0,Sudeste
311990,2010,0,Sudeste
311995,2007,0,Sudeste
311995,2010,0,Sudeste
312000,2007,0,Sudeste
312000,2010,0,Sudeste
312010,2007,0,Sudeste
312010,2010,0,Sudeste
312015,2007,0,Sudeste
312015,2010,0,Sudeste
312020,2007,0,Sudeste
312020,2010,0,Sudeste
312030,2007,0,Sudeste
312030,2010,0,Sudeste
312040,2007,0,Sudeste
312040,2010,0,Sudeste
312050,2007,0,Sudeste
312050,2010,0,Sudeste
312060,2007,0,Sudeste
312060,2010,0,Sudeste
312070,2007,0,Sudeste
312070,2010,0,Sudeste
312080,2007,0,Sudeste
312080,2010,0,Sudeste
312083,2007,0,Sudeste
312083,2010,0,Sudeste
312087,2007,0,Sudeste
312087,2010,0,Sudeste
312090,2007,0,Sudeste
312090,2010,0,Sudeste
312100,2007,0,Sudeste
312100,2010,0,Sudeste
312110,2007,0,Sudeste
312110,2010,0,Sudeste
312120,2007,0,Sudeste
312120,2010,0,Sudeste
312125,2007,0,Sudeste
312125,2010,0,Sudeste
312130,2007,0,Sudeste
312130,2010,0,Sudeste
312140,2007,0,Sudeste
312140,2010,0,Sudeste
312150,2007,0,Sudeste
312150,2010,0,Sudeste
312160,2007,0,Sudeste
312160,2010,0,Sudeste
312170,2007,0,Sudeste
312170,2010,0,Sudeste
312180,2007,0,Sudeste
312180,2010,0,Sudeste
312190,2007,0,Sudeste
312190,2010,0,Sudeste
312200,2007,0,Sudeste
312200,2010,0,Sudeste
312210,2007,0,Sudeste
312210,2010,0,Sudeste
312220,2007,0,Sudeste
312220,2010,0,Sudeste
312230,2007,0,Sudeste
312230,2010,0,Sudeste
312235,2007,0,Sudeste
312235,2010,0,Sudeste
312240,2007,0,Sudeste
312240,2010,0,Sudeste
312245,2007,0,Sudeste
312245,2010,0,Sudeste
312247,2007,0,Sudeste
312247,2010,0,Sudeste
312250,2007,0,Sudeste
312250,2010,0,Sudeste
312260,2007,0,Sudeste
312260,2010,0,Sudeste
312270,2007,0,Sudeste
312270,2010,0,Sudeste
312280,2007,0,Sudeste
312280,2010,0,Sudeste
312290,2007,0,Sudeste
312290,2010,0,Sudeste
312300,2007,0,Sudeste
312300,2010,0,Sudeste
312310,2007,0,Sudeste
312310,2010,0,Sudeste
312320,2007,0,Sudeste
312320,2010,0,Sudeste
312330,2007,0,Sudeste
312330,2010,0,Sudeste
312340,2007,0,Sudeste
312340,2010,0,Sudeste
312350,2007,0,Sudeste
312350,2010,0,Sudeste
312352,2007,0,Sudeste
312352,2010,0,Sudeste
312360,2007,0,Sudeste
312360,2010,0,Sudeste
312370,2007,0,Sudeste
312370,2010,0,Sudeste
312380,2007,0,Sudeste
312380,2010,0,Sudeste
312385,2007,0,Sudeste
312385,2010,0,Sudeste
312390,2007,0,Sudeste
312390,2010,0,Sudeste
312400,2007,0,Sudeste
312400,2010,0,Sudeste
312410,2007,0,Sudeste
312410,2010,0,Sudeste
312420,2007,0,Sudeste
312420,2010,0,Sudeste
312430,2007,0,Sudeste
312430,2010,0,Sudeste
312440,2007,0,Sudeste
312440,2010,0,Sudeste
312450,2007,0,Sudeste
312450,2010,0,Sudeste
312460,2007,0,Sudeste
312460,2010,0,Sudeste
312470,2007,0,Sudeste
312470,2010,0,Sudeste
312480,2007,0,Sudeste
312480,2010,0,Sudeste
312490,2007,0,Sudeste
312490,2010,0,Sudeste
312500,2007,0,Sudeste
312500,2010,0,Sudeste
312510,2007,0,Sudeste
312510,2010,0,Sudeste
312520,2007,0,Sudeste
312520,2010,0,Sudeste
312530,2007,0,Sudeste
312530,2010,0,Sudeste
312540,2007,0,Sudeste
312540,2010,0,Sudeste
312550,2007,0,Sudeste
312550,2010,0,Sudeste
312560,2007,0,Sudeste
312560,2010,0,Sudeste
312570,2007,0,Sudeste
312570,2010,0,Sudeste
312580,2007,0,Sudeste
312580,2010,0,Sudeste
312590,2007,0,Sudeste
312590,2010,0,Sudeste
312595,2007,0,Sudeste
312595,2010,0,Sudeste
312600,2007,0,Sudeste
312600,2010,0,Sudeste
312610,2007,0,Sudeste
312610,2010,0,Sudeste
312630,2007,0,Sudeste
312630,2010,0,Sudeste
312640,2007,0,Sudeste
312640,2010,0,Sudeste
312650,2007,0,Sudeste
312650,2010,0,Sudeste
312660,2007,0,Sudeste
312660,2010,0,Sudeste
312670,2007,0,Sudeste
312670,2010,0,Sudeste
312675,2007,0,Sudeste
312675,2010,0,Sudeste
312680,2007,0,Sudeste
312680,2010,0,Sudeste
312690,2007,0,Sudeste
312690,2010,0,Sudeste
312695,2007,0,Sudeste
312695,2010,0,Sudeste
312700,2007,0,Sudeste
312700,2010,0,Sudeste
312705,2007,0,Sudeste
312705,2010,0,Sudeste
312707,2007,0,Sudeste
312707,2010,0,Sudeste
312710,2007,0,Sudeste
312710,2010,0,Sudeste
312720,2007,0,Sudeste
312720,2010,0,Sudeste
312730,2007,0,Sudeste
312730,2010,0,Sudeste
312733,2007,0,Sudeste
312733,2010,0,Sudeste
312735,2007,0,Sudeste
312735,2010,0,Sudeste
312737,2007,0,Sudeste
312737,2010,0,Sudeste
312738,2007,0,Sudeste
312738,2010,0,Sudeste
312738,2010,0,Sudeste
312738,2010,0,Sudeste
312738,2010,0,Sudeste
312740,2007,0,Sudeste
312740,2010,0,Sudeste
312750,2007,0,Sudeste
312750,2010,0,Sudeste
312760,2007,0,Sudeste
312760,2010,0,Sudeste
312770,2007,1,Sudeste
312770,2010,1,Sudeste
312780,2007,0,Sudeste
312780,2010,0,Sudeste
312790,2007,0,Sudeste
312790,2010,0,Sudeste
312800,2007,0,Sudeste
312800,2010,0,Sudeste
312810,2007,0,Sudeste
312810,2010,0,Sudeste
312825,2007,0,Sudeste
312825,2010,0,Sudeste
312830,2007,0,Sudeste
312830,2010,0,Sudeste
312840,2007,0,Sudeste
312840,2010,0,Sudeste
312850,2007,0,Sudeste
312850,2010,0,Sudeste
312860,2007,0,Sudeste
312860,2010,0,Sudeste
312870,2007,0,Sudeste
312870,2010,0,Sudeste
312880,2007,0,Sudeste
312880,2010,0,Sudeste
312890,2007,0,Sudeste
312890,2010,0,Sudeste
312900,2007,0,Sudeste
312900,2010,0,Sudeste
312910,2007,0,Sudeste
312910,2010,0,Sudeste
312920,2007,0,Sudeste
312920,2010,0,Sudeste
312930,2007,0,Sudeste
312930,2010,0,Sudeste
312940,2007,0,Sudeste
312940,2010,0,Sudeste
312950,2007,0,Sudeste
312950,2010,0,Sudeste
312960,2007,0,Sudeste
312960,2010,0,Sudeste
312965,2007,0,Sudeste
312965,2010,0,Sudeste
312970,2007,0,Sudeste
312970,2010,0,Sudeste
312980,2007,0,Sudeste
312980,2010,0,Sudeste
312990,2007,0,Sudeste
312990,2010,0,Sudeste
313000,2007,0,Sudeste
313000,2010,0,Sudeste
313005,2007,0,Sudeste
313005,2010,0,Sudeste
313010,2007,0,Sudeste
313010,2010,0,Sudeste
313020,2007,0,Sudeste
313020,2010,0,Sudeste
313030,2007,0,Sudeste
313030,2010,0,Sudeste
313040,2007,0,Sudeste
313040,2010,0,Sudeste
313050,2007,0,Sudeste
313050,2010,0,Sudeste
313055,2007,0,Sudeste
313055,2010,0,Sudeste
313060,2007,0,Sudeste
313060,2010,0,Sudeste
313065,2007,0,Sudeste
313065,2010,0,Sudeste
313080,2007,0,Sudeste
313080,2010,0,Sudeste
313090,2007,0,Sudeste
313090,2010,0,Sudeste
313100,2007,0,Sudeste
313100,2010,0,Sudeste
313110,2007,0,Sudeste
313110,2010,0,Sudeste
313115,2007,0,Sudeste
313115,2010,0,Sudeste
313120,2007,0,Sudeste
313120,2010,0,Sudeste
313130,2007,0,Sudeste
313130,2010,0,Sudeste
313140,2007,0,Sudeste
313140,2010,0,Sudeste
313150,2007,0,Sudeste
313150,2010,0,Sudeste
313160,2007,0,Sudeste
313160,2010,0,Sudeste
313170,2007,0,Sudeste
313170,2010,0,Sudeste
313180,2007,0,Sudeste
313180,2010,0,Sudeste
313190,2007,0,Sudeste
313190,2010,0,Sudeste
313200,2007,0,Sudeste
313200,2010,0,Sudeste
313210,2007,0,Sudeste
313210,2010,0,Sudeste
313220,2007,0,Sudeste
313220,2010,0,Sudeste
313230,2007,0,Sudeste
313230,2010,0,Sudeste
313240,2007,0,Sudeste
313240,2010,0,Sudeste
313250,2007,0,Sudeste
313250,2010,0,Sudeste
313260,2007,0,Sudeste
313260,2010,0,Sudeste
313270,2007,0,Sudeste
313270,2010,0,Sudeste
313280,2007,0,Sudeste
313280,2010,0,Sudeste
313290,2007,0,Sudeste
313290,2010,0,Sudeste
313300,2007,0,Sudeste
313300,2010,0,Sudeste
313310,2007,0,Sudeste
313310,2010,0,Sudeste
313320,2007,0,Sudeste
313320,2010,0,Sudeste
313330,2007,0,Sudeste
313330,2010,0,Sudeste
313340,2007,0,Sudeste
313340,2010,0,Sudeste
313350,2007,0,Sudeste
313350,2010,0,Sudeste
313370,2007,0,Sudeste
313370,2010,0,Sudeste
313375,2007,0,Sudeste
313375,2010,0,Sudeste
313380,2007,0,Sudeste
313380,2010,0,Sudeste
313390,2007,0,Sudeste
313390,2010,0,Sudeste
313400,2007,0,Sudeste
313400,2010,0,Sudeste
313410,2007,0,Sudeste
313410,2010,0,Sudeste
313420,2007,0,Sudeste
313420,2010,0,Sudeste
313430,2007,0,Sudeste
313430,2010,0,Sudeste
313440,2007,0,Sudeste
313440,2010,0,Sudeste
313450,2007,0,Sudeste
313450,2010,0,Sudeste
313460,2007,0,Sudeste
313460,2010,0,Sudeste
313470,2007,0,Sudeste
313470,2010,0,Sudeste
313480,2007,0,Sudeste
313480,2010,0,Sudeste
313500,2007,0,Sudeste
313500,2010,0,Sudeste
313505,2007,0,Sudeste
313505,2010,0,Sudeste
313507,2007,0,Sudeste
313507,2010,0,Sudeste
313510,2007,0,Sudeste
313510,2010,0,Sudeste
313520,2007,0,Sudeste
313520,2010,0,Sudeste
313530,2007,0,Sudeste
313530,2010,0,Sudeste
313535,2007,0,Sudeste
313535,2010,0,Sudeste
313540,2007,0,Sudeste
313540,2010,0,Sudeste
313545,2007,0,Sudeste
313545,2010,0,Sudeste
313550,2007,0,Sudeste
313550,2010,0,Sudeste
313560,2007,0,Sudeste
313560,2010,0,Sudeste
313570,2007,0,Sudeste
313570,2010,0,Sudeste
313580,2007,0,Sudeste
313580,2010,0,Sudeste
313590,2007,0,Sudeste
313590,2010,0,Sudeste
313600,2007,0,Sudeste
313600,2010,0,Sudeste
313610,2007,0,Sudeste
313610,2010,0,Sudeste
313620,2007,0,Sudeste
313620,2010,0,Sudeste
313630,2007,0,Sudeste
313630,2010,0,Sudeste
313640,2007,0,Sudeste
313640,2010,0,Sudeste
313650,2007,0,Sudeste
313650,2010,0,Sudeste
313652,2007,0,Sudeste
313652,2010,0,Sudeste
313655,2007,0,Sudeste
313655,2010,0,Sudeste
313657,2007,0,Sudeste
313657,2010,0,Sudeste
313660,2007,0,Sudeste
313660,2010,0,Sudeste
313660,2010,0,Sudeste
313660,2010,0,Sudeste
313660,2010,0,Sudeste
313665,2007,0,Sudeste
313665,2010,0,Sudeste
313670,2007,1,Sudeste
313670,2010,1,Sudeste
313680,2007,0,Sudeste
313680,2010,0,Sudeste
313690,2007,0,Sudeste
313690,2010,0,Sudeste
313695,2007,0,Sudeste
313695,2010,0,Sudeste
313700,2007,0,Sudeste
313700,2010,0,Sudeste
313710,2007,0,Sudeste
313710,2010,0,Sudeste
313720,2007,0,Sudeste
313720,2010,0,Sudeste
313730,2007,0,Sudeste
313730,2010,0,Sudeste
313740,2007,0,Sudeste
313740,2010,0,Sudeste
313750,2007,0,Sudeste
313750,2010,0,Sudeste
313753,2007,0,Sudeste
313753,2010,0,Sudeste
313753,2010,0,Sudeste
313753,2010,0,Sudeste
313753,2010,0,Sudeste
313770,2007,0,Sudeste
313770,2010,0,Sudeste
313780,2007,0,Sudeste
313780,2010,0,Sudeste
313790,2007,0,Sudeste
313790,2010,0,Sudeste
313810,2007,0,Sudeste
313810,2010,0,Sudeste
313820,2007,0,Sudeste
313820,2010,0,Sudeste
313830,2007,0,Sudeste
313830,2010,0,Sudeste
313835,2007,0,Sudeste
313835,2010,0,Sudeste
313840,2007,0,Sudeste
313840,2010,0,Sudeste
313850,2007,0,Sudeste
313850,2010,0,Sudeste
313860,2007,0,Sudeste
313860,2010,0,Sudeste
313862,2007,0,Sudeste
313862,2010,0,Sudeste
313865,2007,0,Sudeste
313865,2010,0,Sudeste
313867,2007,0,Sudeste
313867,2010,0,Sudeste
313868,2007,0,Sudeste
313868,2010,0,Sudeste
313870,2007,0,Sudeste
313870,2010,0,Sudeste
313880,2007,0,Sudeste
313880,2010,0,Sudeste
313890,2007,0,Sudeste
313890,2010,0,Sudeste
313900,2007,0,Sudeste
313900,2010,0,Sudeste
313910,2007,0,Sudeste
313910,2010,0,Sudeste
313920,2007,0,Sudeste
313920,2010,0,Sudeste
313925,2007,0,Sudeste
313925,2010,0,Sudeste
313930,2007,0,Sudeste
313930,2010,0,Sudeste
313940,2007,0,Sudeste
313940,2010,0,Sudeste
313950,2007,0,Sudeste
313950,2010,0,Sudeste
313960,2007,0,Sudeste
313960,2010,0,Sudeste
313970,2007,0,Sudeste
313970,2010,0,Sudeste
313980,2007,0,Sudeste
313980,2010,0,Sudeste
313990,2007,0,Sudeste
313990,2010,0,Sudeste
314000,2007,0,Sudeste
314000,2010,0,Sudeste
314010,2007,0,Sudeste
314010,2010,0,Sudeste
314015,2007,0,Sudeste
314015,2010,0,Sudeste
314020,2007,0,Sudeste
314020,2010,0,Sudeste
314030,2007,0,Sudeste
314030,2010,0,Sudeste
314040,2007,0,Sudeste
314040,2010,0,Sudeste
314050,2007,0,Sudeste
314050,2010,0,Sudeste
314053,2007,0,Sudeste
314053,2010,0,Sudeste
314055,2007,0,Sudeste
314055,2010,0,Sudeste
314060,2007,0,Sudeste
314060,2010,0,Sudeste
314070,2007,0,Sudeste
314070,2010,0,Sudeste
314080,2007,0,Sudeste
314080,2010,0,Sudeste
314085,2007,0,Sudeste
314085,2010,0,Sudeste
314090,2007,0,Sudeste
314090,2010,0,Sudeste
314100,2007,0,Sudeste
314100,2010,0,Sudeste
314110,2007,0,Sudeste
314110,2010,0,Sudeste
314120,2007,0,Sudeste
314120,2010,0,Sudeste
314130,2007,0,Sudeste
314130,2010,0,Sudeste
314140,2007,0,Sudeste
314140,2010,0,Sudeste
314150,2007,0,Sudeste
314150,2010,0,Sudeste
314160,2007,0,Sudeste
314160,2010,0,Sudeste
314180,2007,0,Sudeste
314180,2010,0,Sudeste
314190,2007,0,Sudeste
314190,2010,0,Sudeste
314200,2007,0,Sudeste
314200,2010,0,Sudeste
314210,2007,0,Sudeste
314210,2010,0,Sudeste
314220,2007,0,Sudeste
314220,2010,0,Sudeste
314225,2007,0,Sudeste
314225,2010,0,Sudeste
314230,2007,0,Sudeste
314230,2010,0,Sudeste
314240,2007,0,Sudeste
314240,2010,0,Sudeste
314250,2007,0,Sudeste
314250,2010,0,Sudeste
314260,2007,0,Sudeste
314260,2010,0,Sudeste
314270,2007,0,Sudeste
314270,2010,0,Sudeste
314280,2007,0,Sudeste
314280,2010,0,Sudeste
314290,2007,0,Sudeste
314290,2010,0,Sudeste
314300,2007,0,Sudeste
314300,2010,0,Sudeste
314310,2007,0,Sudeste
314310,2010,0,Sudeste
314315,2007,0,Sudeste
314315,2010,0,Sudeste
314320,2007,0,Sudeste
314320,2010,0,Sudeste
314330,2007,1,Sudeste
314330,2010,1,Sudeste
314340,2007,0,Sudeste
314340,2010,0,Sudeste
314345,2007,0,Sudeste
314345,2010,0,Sudeste
314350,2007,0,Sudeste
314350,2010,0,Sudeste
314360,2007,0,Sudeste
314360,2010,0,Sudeste
314370,2007,0,Sudeste
314370,2010,0,Sudeste
314380,2007,0,Sudeste
314380,2010,0,Sudeste
314390,2007,0,Sudeste
314390,2010,0,Sudeste
314400,2007,0,Sudeste
314400,2010,0,Sudeste
314410,2007,0,Sudeste
314410,2010,0,Sudeste
314420,2007,0,Sudeste
314420,2010,0,Sudeste
314430,2007,0,Sudeste
314430,2010,0,Sudeste
314435,2007,0,Sudeste
314435,2010,0,Sudeste
314437,2007,0,Sudeste
314437,2010,0,Sudeste
314440,2007,0,Sudeste
314440,2010,0,Sudeste
314450,2007,0,Sudeste
314450,2010,0,Sudeste
314460,2007,0,Sudeste
314460,2010,0,Sudeste
314465,2007,0,Sudeste
314465,2010,0,Sudeste
314467,2007,0,Sudeste
314467,2010,0,Sudeste
314470,2007,0,Sudeste
314470,2010,0,Sudeste
314480,2007,0,Sudeste
314480,2010,0,Sudeste
314490,2007,0,Sudeste
314490,2010,0,Sudeste
314500,2007,0,Sudeste
314500,2010,0,Sudeste
314505,2007,0,Sudeste
314505,2010,0,Sudeste
314510,2007,0,Sudeste
314510,2010,0,Sudeste
314520,2007,0,Sudeste
314520,2010,0,Sudeste
314530,2007,0,Sudeste
314530,2010,0,Sudeste
314535,2007,0,Sudeste
314535,2010,0,Sudeste
314537,2007,0,Sudeste
314537,2010,0,Sudeste
314540,2007,0,Sudeste
314540,2010,0,Sudeste
314545,2007,0,Sudeste
314545,2010,0,Sudeste
314550,2007,0,Sudeste
314550,2010,0,Sudeste
314560,2007,0,Sudeste
314560,2010,0,Sudeste
314570,2007,0,Sudeste
314570,2010,0,Sudeste
314580,2007,0,Sudeste
314580,2010,0,Sudeste
314585,2007,0,Sudeste
314585,2010,0,Sudeste
314587,2007,0,Sudeste
314587,2010,0,Sudeste
314590,2007,0,Sudeste
314590,2010,0,Sudeste
314590,2010,0,Sudeste
314590,2010,0,Sudeste
314590,2010,0,Sudeste
314590,2010,0,Sudeste
314590,2010,0,Sudeste
314590,2010,0,Sudeste
314590,2010,0,Sudeste
314590,2010,0,Sudeste
314600,2007,0,Sudeste
314600,2010,0,Sudeste
314610,2007,0,Sudeste
314610,2010,0,Sudeste
314620,2007,0,Sudeste
314620,2010,0,Sudeste
314625,2007,0,Sudeste
314625,2010,0,Sudeste
314630,2007,0,Sudeste
314630,2010,0,Sudeste
314640,2007,0,Sudeste
314640,2010,0,Sudeste
314650,2007,0,Sudeste
314650,2010,0,Sudeste
314655,2007,0,Sudeste
314655,2010,0,Sudeste
314660,2007,0,Sudeste
314660,2010,0,Sudeste
314670,2007,0,Sudeste
314670,2010,0,Sudeste
314675,2007,0,Sudeste
314675,2010,0,Sudeste
314690,2007,0,Sudeste
314690,2010,0,Sudeste
314700,2007,0,Sudeste
314700,2010,0,Sudeste
314710,2007,0,Sudeste
314710,2010,0,Sudeste
314720,2007,0,Sudeste
314720,2010,0,Sudeste
314730,2007,0,Sudeste
314730,2010,0,Sudeste
314740,2007,0,Sudeste
314740,2010,0,Sudeste
314750,2007,0,Sudeste
314750,2010,0,Sudeste
314760,2007,0,Sudeste
314760,2010,0,Sudeste
314770,2007,0,Sudeste
314770,2010,0,Sudeste
314780,2007,0,Sudeste
314780,2010,0,Sudeste
314790,2007,0,Sudeste
314790,2010,0,Sudeste
314795,2007,0,Sudeste
314795,2010,0,Sudeste
314800,2007,0,Sudeste
314800,2010,0,Sudeste
314810,2007,0,Sudeste
314810,2010,0,Sudeste
314820,2007,0,Sudeste
314820,2010,0,Sudeste
314830,2007,0,Sudeste
314830,2010,0,Sudeste
314840,2007,0,Sudeste
314840,2010,0,Sudeste
314850,2007,0,Sudeste
314850,2010,0,Sudeste
314860,2007,0,Sudeste
314860,2010,0,Sudeste
314870,2007,0,Sudeste
314870,2010,0,Sudeste
314875,2007,0,Sudeste
314875,2010,0,Sudeste
314880,2007,0,Sudeste
314880,2010,0,Sudeste
314890,2007,0,Sudeste
314890,2010,0,Sudeste
314900,2007,0,Sudeste
314900,2010,0,Sudeste
314910,2007,0,Sudeste
314910,2010,0,Sudeste
314915,2007,0,Sudeste
314915,2010,0,Sudeste
314920,2007,0,Sudeste
314920,2010,0,Sudeste
314930,2007,0,Sudeste
314930,2010,0,Sudeste
314940,2007,0,Sudeste
314940,2010,0,Sudeste
314950,2007,0,Sudeste
314950,2010,0,Sudeste
314960,2007,0,Sudeste
314960,2010,0,Sudeste
314970,2007,0,Sudeste
314970,2010,0,Sudeste
314980,2007,0,Sudeste
314980,2010,0,Sudeste
314990,2007,0,Sudeste
314990,2010,0,Sudeste
314995,2007,0,Sudeste
314995,2010,0,Sudeste
315000,2007,0,Sudeste
315000,2010,0,Sudeste
315010,2007,0,Sudeste
315010,2010,0,Sudeste
315015,2007,0,Sudeste
315015,2010,0,Sudeste
315020,2007,0,Sudeste
315020,2010,0,Sudeste
315030,2007,0,Sudeste
315030,2010,0,Sudeste
315040,2007,0,Sudeste
315040,2010,0,Sudeste
315050,2007,0,Sudeste
315050,2010,0,Sudeste
315053,2007,0,Sudeste
315053,2010,0,Sudeste
315057,2007,0,Sudeste
315057,2010,0,Sudeste
315060,2007,0,Sudeste
315060,2010,0,Sudeste
315070,2007,0,Sudeste
315070,2010,0,Sudeste
315080,2007,0,Sudeste
315080,2010,0,Sudeste
315090,2007,0,Sudeste
315090,2010,0,Sudeste
315100,2007,0,Sudeste
315100,2010,0,Sudeste
315110,2007,0,Sudeste
315110,2010,0,Sudeste
315120,2007,0,Sudeste
315120,2010,0,Sudeste
315130,2007,0,Sudeste
315130,2010,0,Sudeste
315140,2007,0,Sudeste
315140,2010,0,Sudeste
315150,2007,0,Sudeste
315150,2010,0,Sudeste
315160,2007,0,Sudeste
315160,2010,0,Sudeste
315170,2007,0,Sudeste
315170,2010,0,Sudeste
315180,2007,0,Sudeste
315180,2010,0,Sudeste
315190,2007,0,Sudeste
315190,2010,0,Sudeste
315200,2007,0,Sudeste
315200,2010,0,Sudeste
315210,2007,0,Sudeste
315210,2010,0,Sudeste
315213,2007,0,Sudeste
315213,2010,0,Sudeste
315217,2007,0,Sudeste
315217,2010,0,Sudeste
315220,2007,0,Sudeste
315220,2010,0,Sudeste
315230,2007,0,Sudeste
315230,2010,0,Sudeste
315240,2007,0,Sudeste
315240,2010,0,Sudeste
315250,2007,0,Sudeste
315250,2010,0,Sudeste
315260,2007,0,Sudeste
315260,2010,0,Sudeste
315270,2007,0,Sudeste
315270,2010,0,Sudeste
315280,2007,0,Sudeste
315280,2010,0,Sudeste
315280,2010,0,Sudeste
315280,2010,0,Sudeste
315280,2010,0,Sudeste
315290,2007,0,Sudeste
315290,2010,0,Sudeste
315300,2007,0,Sudeste
315300,2010,0,Sudeste
315320,2007,0,Sudeste
315320,2010,0,Sudeste
315320,2010,0,Sudeste
315320,2010,0,Sudeste
315320,2010,0,Sudeste
315320,2010,0,Sudeste
315320,2010,0,Sudeste
315320,2010,0,Sudeste
315320,2010,0,Sudeste
315320,2010,0,Sudeste
315330,2007,0,Sudeste
315330,2010,0,Sudeste
315340,2007,0,Sudeste
315340,2010,0,Sudeste
315350,2007,0,Sudeste
315350,2010,0,Sudeste
315360,2007,0,Sudeste
315360,2010,0,Sudeste
315370,2007,0,Sudeste
315370,2010,0,Sudeste
315380,2007,0,Sudeste
315380,2010,0,Sudeste
315390,2007,0,Sudeste
315390,2010,0,Sudeste
315400,2007,0,Sudeste
315400,2010,0,Sudeste
315410,2007,0,Sudeste
315410,2010,0,Sudeste
315415,2007,0,Sudeste
315415,2010,0,Sudeste
315420,2007,0,Sudeste
315420,2010,0,Sudeste
315430,2007,0,Sudeste
315430,2010,0,Sudeste
315440,2007,0,Sudeste
315440,2010,0,Sudeste
315445,2007,0,Sudeste
315445,2010,0,Sudeste
315445,2010,0,Sudeste
315445,2010,0,Sudeste
315445,2010,0,Sudeste
315450,2007,0,Sudeste
315450,2010,0,Sudeste
315460,2007,1,Sudeste
315460,2010,1,Sudeste
315470,2007,0,Sudeste
315470,2010,0,Sudeste
315480,2007,0,Sudeste
315480,2010,0,Sudeste
315490,2007,0,Sudeste
315490,2010,0,Sudeste
315500,2007,0,Sudeste
315500,2010,0,Sudeste
315510,2007,0,Sudeste
315510,2010,0,Sudeste
315520,2007,0,Sudeste
315520,2010,0,Sudeste
315530,2007,0,Sudeste
315530,2010,0,Sudeste
315540,2007,0,Sudeste
315540,2010,0,Sudeste
315550,2007,0,Sudeste
315550,2010,0,Sudeste
315560,2007,0,Sudeste
315560,2010,0,Sudeste
315570,2007,0,Sudeste
315570,2010,0,Sudeste
315580,2007,0,Sudeste
315580,2010,0,Sudeste
315590,2007,0,Sudeste
315590,2010,0,Sudeste
315600,2007,0,Sudeste
315600,2010,0,Sudeste
315610,2007,0,Sudeste
315610,2010,0,Sudeste
315620,2007,0,Sudeste
315620,2010,0,Sudeste
315630,2007,0,Sudeste
315630,2010,0,Sudeste
315640,2007,0,Sudeste
315640,2010,0,Sudeste
315645,2007,0,Sudeste
315645,2010,0,Sudeste
315650,2007,0,Sudeste
315650,2010,0,Sudeste
315660,2007,0,Sudeste
315660,2010,0,Sudeste
315670,2007,0,Sudeste
315670,2010,0,Sudeste
315680,2007,0,Sudeste
315680,2010,0,Sudeste
315690,2007,0,Sudeste
315690,2010,0,Sudeste
315700,2007,0,Sudeste
315700,2010,0,Sudeste
315710,2007,0,Sudeste
315710,2010,0,Sudeste
315720,2007,0,Sudeste
315720,2010,0,Sudeste
315720,2010,0,Sudeste
315720,2010,0,Sudeste
315720,2010,0,Sudeste
315725,2007,0,Sudeste
315725,2010,0,Sudeste
315727,2007,0,Sudeste
315727,2010,0,Sudeste
315730,2007,0,Sudeste
315730,2010,0,Sudeste
315733,2007,0,Sudeste
315733,2010,0,Sudeste
315737,2007,0,Sudeste
315737,2010,0,Sudeste
315740,2007,0,Sudeste
315740,2010,0,Sudeste
315750,2007,0,Sudeste
315750,2010,0,Sudeste
315760,2007,0,Sudeste
315760,2010,0,Sudeste
315765,2007,0,Sudeste
315765,2010,0,Sudeste
315770,2007,0,Sudeste
315770,2010,0,Sudeste
315780,2007,0,Sudeste
315780,2010,0,Sudeste
315780,2010,0,Sudeste
315780,2010,0,Sudeste
315780,2010,0,Sudeste
315780,2010,0,Sudeste
315780,2010,0,Sudeste
315780,2010,0,Sudeste
315780,2010,0,Sudeste
315780,2010,0,Sudeste
315780,2010,0,Sudeste
315780,2010,0,Sudeste
315780,2010,0,Sudeste
315780,2010,0,Sudeste
315780,2010,0,Sudeste
315780,2010,0,Sudeste
315780,2010,0,Sudeste
315790,2007,0,Sudeste
315790,2010,0,Sudeste
315800,2007,0,Sudeste
315800,2010,0,Sudeste
315810,2007,0,Sudeste
315810,2010,0,Sudeste
315820,2007,0,Sudeste
315820,2010,0,Sudeste
315830,2007,0,Sudeste
315830,2010,0,Sudeste
315840,2007,0,Sudeste
315840,2010,0,Sudeste
315850,2007,0,Sudeste
315850,2010,0,Sudeste
315860,2007,0,Sudeste
315860,2010,0,Sudeste
315870,2007,0,Sudeste
315870,2010,0,Sudeste
315880,2007,0,Sudeste
315880,2010,0,Sudeste
315890,2007,0,Sudeste
315890,2010,0,Sudeste
315895,2007,0,Sudeste
315895,2010,0,Sudeste
315900,2007,0,Sudeste
315900,2010,0,Sudeste
315910,2007,0,Sudeste
315910,2010,0,Sudeste
315920,2007,0,Sudeste
315920,2010,0,Sudeste
315930,2007,0,Sudeste
315930,2010,0,Sudeste
315935,2007,0,Sudeste
315935,2010,0,Sudeste
315940,2007,0,Sudeste
315940,2010,0,Sudeste
315950,2007,0,Sudeste
315950,2010,0,Sudeste
315960,2007,0,Sudeste
315960,2010,0,Sudeste
315970,2007,0,Sudeste
315970,2010,0,Sudeste
315980,2007,0,Sudeste
315980,2010,0,Sudeste
315990,2007,0,Sudeste
315990,2010,0,Sudeste
316000,2007,0,Sudeste
316000,2010,0,Sudeste
316010,2007,0,Sudeste
316010,2010,0,Sudeste
316020,2007,0,Sudeste
316020,2010,0,Sudeste
316030,2007,0,Sudeste
316030,2010,0,Sudeste
316040,2007,0,Sudeste
316040,2010,0,Sudeste
316045,2007,0,Sudeste
316045,2010,0,Sudeste
316050,2007,0,Sudeste
316050,2010,0,Sudeste
316060,2007,0,Sudeste
316060,2010,0,Sudeste
316070,2007,0,Sudeste
316070,2010,0,Sudeste
316080,2007,0,Sudeste
316080,2010,0,Sudeste
316090,2007,0,Sudeste
316090,2010,0,Sudeste
316095,2007,0,Sudeste
316095,2010,0,Sudeste
316100,2007,0,Sudeste
316100,2010,0,Sudeste
316105,2007,0,Sudeste
316105,2010,0,Sudeste
316130,2007,0,Sudeste
316130,2010,0,Sudeste
316140,2007,0,Sudeste
316140,2010,0,Sudeste
316150,2007,0,Sudeste
316150,2010,0,Sudeste
316160,2007,0,Sudeste
316160,2010,0,Sudeste
316165,2007,0,Sudeste
316165,2010,0,Sudeste
316170,2007,0,Sudeste
316170,2010,0,Sudeste
316180,2007,0,Sudeste
316180,2010,0,Sudeste
316190,2007,0,Sudeste
316190,2010,0,Sudeste
316200,2007,0,Sudeste
316200,2010,0,Sudeste
316210,2007,0,Sudeste
316210,2010,0,Sudeste
316220,2007,0,Sudeste
316220,2010,0,Sudeste
316225,2007,0,Sudeste
316225,2010,0,Sudeste
316230,2007,0,Sudeste
316230,2010,0,Sudeste
316240,2007,0,Sudeste
316240,2010,0,Sudeste
316245,2007,0,Sudeste
316245,2010,0,Sudeste
316250,2007,0,Sudeste
316250,2010,0,Sudeste
316255,2007,0,Sudeste
316255,2010,0,Sudeste
316257,2007,0,Sudeste
316257,2010,0,Sudeste
316260,2007,0,Sudeste
316260,2010,0,Sudeste
316265,2007,0,Sudeste
316265,2010,0,Sudeste
316270,2007,0,Sudeste
316270,2010,0,Sudeste
316270,2010,0,Sudeste
316270,2010,0,Sudeste
316270,2010,0,Sudeste
316280,2007,0,Sudeste
316280,2010,0,Sudeste
316290,2007,0,Sudeste
316290,2010,0,Sudeste
316292,2007,0,Sudeste
316292,2010,0,Sudeste
316294,2007,0,Sudeste
316294,2010,0,Sudeste
316295,2007,0,Sudeste
316295,2010,0,Sudeste
316300,2007,0,Sudeste
316300,2010,0,Sudeste
316310,2007,0,Sudeste
316310,2010,0,Sudeste
316320,2007,0,Sudeste
316320,2010,0,Sudeste
316330,2007,0,Sudeste
316330,2010,0,Sudeste
316330,2010,0,Sudeste
316330,2010,0,Sudeste
316330,2010,0,Sudeste
316340,2007,0,Sudeste
316340,2010,0,Sudeste
316350,2007,0,Sudeste
316350,2010,0,Sudeste
316360,2007,0,Sudeste
316360,2010,0,Sudeste
316370,2007,0,Sudeste
316370,2010,0,Sudeste
316380,2007,0,Sudeste
316380,2010,0,Sudeste
316390,2007,0,Sudeste
316390,2010,0,Sudeste
316400,2007,0,Sudeste
316400,2010,0,Sudeste
316410,2007,0,Sudeste
316410,2010,0,Sudeste
316420,2007,0,Sudeste
316420,2010,0,Sudeste
316430,2007,0,Sudeste
316430,2010,0,Sudeste
316440,2007,0,Sudeste
316440,2010,0,Sudeste
316443,2007,0,Sudeste
316443,2010,0,Sudeste
316447,2007,0,Sudeste
316447,2010,0,Sudeste
316450,2007,0,Sudeste
316450,2010,0,Sudeste
316460,2007,0,Sudeste
316460,2010,0,Sudeste
316470,2007,0,Sudeste
316470,2010,0,Sudeste
316480,2007,0,Sudeste
316480,2010,0,Sudeste
316490,2007,0,Sudeste
316490,2010,0,Sudeste
316500,2007,0,Sudeste
316500,2010,0,Sudeste
316510,2007,0,Sudeste
316510,2010,0,Sudeste
316520,2007,0,Sudeste
316520,2010,0,Sudeste
316530,2007,0,Sudeste
316530,2010,0,Sudeste
316540,2007,0,Sudeste
316540,2010,0,Sudeste
316550,2007,0,Sudeste
316550,2010,0,Sudeste
316553,2007,0,Sudeste
316553,2010,0,Sudeste
316555,2007,0,Sudeste
316555,2010,0,Sudeste
316556,2007,0,Sudeste
316556,2010,0,Sudeste
316557,2007,0,Sudeste
316557,2010,0,Sudeste
316560,2007,0,Sudeste
316560,2010,0,Sudeste
316570,2007,0,Sudeste
316570,2010,0,Sudeste
316580,2007,0,Sudeste
316580,2010,0,Sudeste
316590,2007,0,Sudeste
316590,2010,0,Sudeste
316600,2007,0,Sudeste
316600,2010,0,Sudeste
316610,2007,0,Sudeste
316610,2010,0,Sudeste
316620,2007,0,Sudeste
316620,2010,0,Sudeste
316630,2007,0,Sudeste
316630,2010,0,Sudeste
316640,2007,0,Sudeste
316640,2010,0,Sudeste
316650,2007,0,Sudeste
316650,2010,0,Sudeste
316660,2007,0,Sudeste
316660,2010,0,Sudeste
316670,2007,0,Sudeste
316670,2010,0,Sudeste
316680,2007,0,Sudeste
316680,2010,0,Sudeste
316690,2007,0,Sudeste
316690,2010,0,Sudeste
316695,2007,0,Sudeste
316695,2010,0,Sudeste
316700,2007,0,Sudeste
316700,2010,0,Sudeste
316710,2007,0,Sudeste
316710,2010,0,Sudeste
316720,2007,0,Sudeste
316720,2010,0,Sudeste
316730,2007,0,Sudeste
316730,2010,0,Sudeste
316740,2007,0,Sudeste
316740,2010,0,Sudeste
316750,2007,0,Sudeste
316750,2010,0,Sudeste
316760,2007,0,Sudeste
316760,2010,0,Sudeste
316770,2007,0,Sudeste
316770,2010,0,Sudeste
316780,2007,0,Sudeste
316780,2010,0,Sudeste
316790,2007,0,Sudeste
316790,2010,0,Sudeste
316800,2007,0,Sudeste
316800,2010,0,Sudeste
316805,2007,0,Sudeste
316805,2010,0,Sudeste
316830,2007,0,Sudeste
316830,2010,0,Sudeste
316840,2007,0,Sudeste
316840,2010,0,Sudeste
316850,2007,0,Sudeste
316850,2010,0,Sudeste
316860,2007,0,Sudeste
316860,2010,0,Sudeste
316870,2007,0,Sudeste
316870,2010,0,Sudeste
316880,2007,0,Sudeste
316880,2010,0,Sudeste
316890,2007,0,Sudeste
316890,2010,0,Sudeste
316900,2007,0,Sudeste
316900,2010,0,Sudeste
316905,2007,0,Sudeste
316905,2010,0,Sudeste
316920,2007,0,Sudeste
316920,2010,0,Sudeste
316930,2007,0,Sudeste
316930,2010,0,Sudeste
316935,2007,0,Sudeste
316935,2010,0,Sudeste
316940,2007,0,Sudeste
316940,2010,0,Sudeste
316950,2007,0,Sudeste
316950,2010,0,Sudeste
316960,2007,0,Sudeste
316960,2010,0,Sudeste
316980,2007,0,Sudeste
316980,2010,0,Sudeste
316990,2007,0,Sudeste
316990,2010,0,Sudeste
317000,2007,0,Sudeste
317000,2010,0,Sudeste
317005,2007,0,Sudeste
317005,2010,0,Sudeste
317010,2007,1,Sudeste
317010,2010,1,Sudeste
317020,2007,1,Sudeste
317020,2010,1,Sudeste
317030,2007,0,Sudeste
317030,2010,0,Sudeste
317040,2007,0,Sudeste
317040,2010,0,Sudeste
317043,2007,0,Sudeste
317043,2010,0,Sudeste
317047,2007,0,Sudeste
317047,2010,0,Sudeste
317050,2007,0,Sudeste
317050,2010,0,Sudeste
317052,2007,0,Sudeste
317052,2010,0,Sudeste
317057,2007,0,Sudeste
317057,2010,0,Sudeste
317065,2007,0,Sudeste
317065,2010,0,Sudeste
317070,2007,0,Sudeste
317070,2010,0,Sudeste
317075,2007,0,Sudeste
317075,2010,0,Sudeste
317080,2007,0,Sudeste
317080,2010,0,Sudeste
317090,2007,0,Sudeste
317090,2010,0,Sudeste
317100,2007,0,Sudeste
317100,2010,0,Sudeste
317103,2007,0,Sudeste
317103,2010,0,Sudeste
317107,2007,0,Sudeste
317107,2010,0,Sudeste
317110,2007,0,Sudeste
317110,2010,0,Sudeste
317115,2007,0,Sudeste
317115,2010,0,Sudeste
317120,2007,0,Sudeste
317120,2010,0,Sudeste
317130,2007,0,Sudeste
317130,2010,0,Sudeste
317130,2010,0,Sudeste
317130,2010,0,Sudeste
317130,2010,0,Sudeste
317130,2010,0,Sudeste
317130,2010,0,Sudeste
317130,2010,0,Sudeste
317130,2010,0,Sudeste
317130,2010,0,Sudeste
317140,2007,0,Sudeste
317140,2010,0,Sudeste
317150,2007,0,Sudeste
317150,2010,0,Sudeste
317160,2007,0,Sudeste
317160,2010,0,Sudeste
317170,2007,0,Sudeste
317170,2010,0,Sudeste
317180,2007,0,Sudeste
317180,2010,0,Sudeste
317190,2007,0,Sudeste
317190,2010,0,Sudeste
317200,2007,0,Sudeste
317200,2010,0,Sudeste
317210,2007,0,Sudeste
317210,2010,0,Sudeste
320010,2007,0,Sudeste
320010,2010,0,Sudeste
320013,2007,0,Sudeste
320013,2010,0,Sudeste
320016,2007,0,Sudeste
320016,2010,0,Sudeste
320020,2007,0,Sudeste
320020,2010,0,Sudeste
320030,2007,0,Sudeste
320030,2010,0,Sudeste
320035,2007,0,Sudeste
320035,2010,0,Sudeste
320050,2007,0,Sudeste
320050,2010,0,Sudeste
320060,2007,0,Sudeste
320060,2010,0,Sudeste
320070,2007,0,Sudeste
320070,2010,0,Sudeste
320080,2007,0,Sudeste
320080,2010,0,Sudeste
320090,2007,0,Sudeste
320090,2010,0,Sudeste
320110,2007,0,Sudeste
320110,2010,0,Sudeste
320115,2007,0,Sudeste
320115,2010,0,Sudeste
320120,2007,0,Sudeste
320120,2010,0,Sudeste
320130,2007,1,Sudeste
320130,2010,1,Sudeste
320140,2007,0,Sudeste
320140,2010,0,Sudeste
320150,2007,0,Sudeste
320150,2010,0,Sudeste
320160,2007,0,Sudeste
320160,2010,0,Sudeste
320170,2007,0,Sudeste
320170,2010,0,Sudeste
320180,2007,0,Sudeste
320180,2010,0,Sudeste
320190,2007,0,Sudeste
320190,2010,0,Sudeste
320200,2007,0,Sudeste
320200,2010,0,Sudeste
320210,2007,0,Sudeste
320210,2010,0,Sudeste
320220,2007,0,Sudeste
320220,2010,0,Sudeste
320225,2007,0,Sudeste
320225,2010,0,Sudeste
320230,2007,0,Sudeste
320230,2010,0,Sudeste
320240,2007,0,Sudeste
320240,2010,0,Sudeste
320245,2007,0,Sudeste
320245,2010,0,Sudeste
320250,2007,0,Sudeste
320250,2010,0,Sudeste
320255,2007,0,Sudeste
320255,2010,0,Sudeste
320260,2007,0,Sudeste
320260,2010,0,Sudeste
320265,2007,0,Sudeste
320265,2010,0,Sudeste
320270,2007,0,Sudeste
320270,2010,0,Sudeste
320280,2007,0,Sudeste
320280,2010,0,Sudeste
320290,2007,0,Sudeste
320290,2010,0,Sudeste
320300,2007,0,Sudeste
320300,2010,0,Sudeste
320305,2007,0,Sudeste
320305,2010,0,Sudeste
320310,2007,0,Sudeste
320310,2010,0,Sudeste
320313,2007,0,Sudeste
320313,2010,0,Sudeste
320316,2007,0,Sudeste
320316,2010,0,Sudeste
320320,2007,0,Sudeste
320320,2010,0,Sudeste
320330,2007,0,Sudeste
320330,2010,0,Sudeste
320332,2007,0,Sudeste
320332,2010,0,Sudeste
320334,2007,0,Sudeste
320334,2010,0,Sudeste
320335,2007,0,Sudeste
320335,2010,0,Sudeste
320340,2007,0,Sudeste
320340,2010,0,Sudeste
320350,2007,0,Sudeste
320350,2010,0,Sudeste
320360,2007,0,Sudeste
320360,2010,0,Sudeste
320370,2007,0,Sudeste
320370,2010,0,Sudeste
320380,2007,0,Sudeste
320380,2010,0,Sudeste
320390,2007,0,Sudeste
320390,2010,0,Sudeste
320400,2007,0,Sudeste
320400,2010,0,Sudeste
320405,2007,0,Sudeste
320405,2010,0,Sudeste
320410,2007,0,Sudeste
320410,2010,0,Sudeste
320420,2007,0,Sudeste
320420,2010,0,Sudeste
320425,2007,0,Sudeste
320425,2010,0,Sudeste
320430,2007,0,Sudeste
320430,2010,0,Sudeste
320430,2010,0,Sudeste
320430,2010,0,Sudeste
320430,2010,0,Sudeste
320435,2007,0,Sudeste
320435,2010,0,Sudeste
320440,2007,0,Sudeste
320440,2010,0,Sudeste
320450,2007,0,Sudeste
320450,2010,0,Sudeste
320455,2007,0,Sudeste
320455,2010,0,Sudeste
320460,2007,0,Sudeste
320460,2010,0,Sudeste
320465,2007,0,Sudeste
320465,2010,0,Sudeste
320470,2007,0,Sudeste
320470,2010,0,Sudeste
320480,2007,0,Sudeste
320480,2010,0,Sudeste
320490,2007,0,Sudeste
320490,2010,0,Sudeste
320495,2007,0,Sudeste
320495,2010,0,Sudeste
320500,2007,1,Sudeste
320500,2010,1,Sudeste
320501,2007,0,Sudeste
320501,2010,0,Sudeste
320503,2007,0,Sudeste
320503,2010,0,Sudeste
320506,2007,0,Sudeste
320506,2010,0,Sudeste
320510,2007,0,Sudeste
320510,2010,0,Sudeste
320510,2010,0,Sudeste
320510,2010,0,Sudeste
320510,2010,0,Sudeste
320515,2007,0,Sudeste
320515,2010,0,Sudeste
320517,2007,0,Sudeste
320517,2010,0,Sudeste
320520,2007,1,Sudeste
320520,2010,1,Sudeste
320530,2007,1,Sudeste
320530,2010,1,Sudeste
330010,2007,0,Sudeste
330010,2010,0,Sudeste
330015,2007,0,Sudeste
330015,2010,0,Sudeste
330020,2007,0,Sudeste
330020,2010,0,Sudeste
330022,2007,0,Sudeste
330022,2010,0,Sudeste
330023,2007,0,Sudeste
330023,2010,0,Sudeste
330025,2007,0,Sudeste
330025,2010,0,Sudeste
330030,2007,0,Sudeste
330030,2010,0,Sudeste
330040,2007,0,Sudeste
330040,2010,0,Sudeste
330045,2007,1,Sudeste
330045,2010,1,Sudeste
330050,2007,0,Sudeste
330050,2010,0,Sudeste
330050,2010,0,Sudeste
330050,2010,0,Sudeste
330050,2010,0,Sudeste
330050,2010,0,Sudeste
330050,2010,0,Sudeste
330050,2010,0,Sudeste
330050,2010,0,Sudeste
330050,2010,0,Sudeste
330060,2007,0,Sudeste
330060,2010,0,Sudeste
330070,2007,0,Sudeste
330070,2010,0,Sudeste
330080,2007,0,Sudeste
330080,2010,0,Sudeste
330090,2007,0,Sudeste
330090,2010,0,Sudeste
330093,2007,0,Sudeste
330093,2010,0,Sudeste
330095,2007,0,Sudeste
330095,2010,0,Sudeste
330100,2007,1,Sudeste
330100,2010,1,Sudeste
330115,2007,0,Sudeste
330115,2010,0,Sudeste
330120,2007,0,Sudeste
330120,2010,0,Sudeste
330130,2007,0,Sudeste
330130,2010,0,Sudeste
330140,2007,0,Sudeste
330140,2010,0,Sudeste
330150,2007,0,Sudeste
330150,2010,0,Sudeste
330160,2007,0,Sudeste
330160,2010,0,Sudeste
330170,2007,1,Sudeste
330170,2010,1,Sudeste
330180,2007,0,Sudeste
330180,2010,0,Sudeste
330185,2007,0,Sudeste
330185,2010,0,Sudeste
330187,2007,0,Sudeste
330187,2010,0,Sudeste
330190,2007,0,Sudeste
330190,2010,0,Sudeste
330200,2007,0,Sudeste
330200,2010,0,Sudeste
330205,2007,0,Sudeste
330205,2010,0,Sudeste
330210,2007,0,Sudeste
330210,2010,0,Sudeste
330220,2007,0,Sudeste
330220,2010,0,Sudeste
330225,2007,0,Sudeste
330225,2010,0,Sudeste
330227,2007,0,Sudeste
330227,2010,0,Sudeste
330230,2007,0,Sudeste
330230,2010,0,Sudeste
330240,2007,0,Sudeste
330240,2010,0,Sudeste
330245,2007,0,Sudeste
330245,2010,0,Sudeste
330250,2007,0,Sudeste
330250,2010,0,Sudeste
330260,2007,0,Sudeste
330260,2010,0,Sudeste
330270,2007,0,Sudeste
330270,2010,0,Sudeste
330280,2007,0,Sudeste
330280,2010,0,Sudeste
330285,2007,0,Sudeste
330285,2010,0,Sudeste
330285,2010,0,Sudeste
330285,2010,0,Sudeste
330285,2010,0,Sudeste
330290,2007,0,Sudeste
330290,2010,0,Sudeste
330300,2007,0,Sudeste
330300,2010,0,Sudeste
330310,2007,0,Sudeste
330310,2010,0,Sudeste
330310,2010,0,Sudeste
330310,2010,0,Sudeste
330310,2010,0,Sudeste
330320,2007,0,Sudeste
330320,2010,0,Sudeste
330330,2007,1,Sudeste
330330,2010,1,Sudeste
330340,2007,0,Sudeste
330340,2010,0,Sudeste
330350,2007,1,Sudeste
330350,2010,1,Sudeste
330360,2007,0,Sudeste
330360,2010,0,Sudeste
330370,2007,0,Sudeste
330370,2010,0,Sudeste
330380,2007,0,Sudeste
330380,2010,0,Sudeste
330385,2007,0,Sudeste
330385,2010,0,Sudeste
330390,2007,1,Sudeste
330390,2010,1,Sudeste
330395,2007,0,Sudeste
330395,2010,0,Sudeste
330400,2007,0,Sudeste
330400,2010,0,Sudeste
330410,2007,0,Sudeste
330410,2010,0,Sudeste
330411,2007,0,Sudeste
330411,2010,0,Sudeste
330412,2007,0,Sudeste
330412,2010,0,Sudeste
330414,2007,0,Sudeste
330414,2010,0,Sudeste
330415,2007,0,Sudeste
330415,2010,0,Sudeste
330420,2007,0,Sudeste
330420,2010,0,Sudeste
330430,2007,0,Sudeste
330430,2010,0,Sudeste
330450,2007,0,Sudeste
330450,2010,0,Sudeste
330452,2007,0,Sudeste
330452,2010,0,Sudeste
330455,2007,1,Sudeste
330455,2010,1,Sudeste
330460,2007,0,Sudeste
330460,2010,0,Sudeste
330470,2007,0,Sudeste
330470,2010,0,Sudeste
330475,2007,0,Sudeste
330475,2010,0,Sudeste
330480,2007,0,Sudeste
330480,2010,0,Sudeste
330490,2007,1,Sudeste
330490,2010,1,Sudeste
330500,2007,0,Sudeste
330500,2010,0,Sudeste
330510,2007,1,Sudeste
330510,2010,1,Sudeste
330513,2007,0,Sudeste
330513,2010,0,Sudeste
330515,2007,0,Sudeste
330515,2010,0,Sudeste
330520,2007,0,Sudeste
330520,2010,0,Sudeste
330530,2007,0,Sudeste
330530,2010,0,Sudeste
330540,2007,0,Sudeste
330540,2010,0,Sudeste
330540,2010,0,Sudeste
330540,2010,0,Sudeste
330540,2010,0,Sudeste
330550,2007,0,Sudeste
330550,2010,0,Sudeste
330555,2007,0,Sudeste
330555,2010,0,Sudeste
330560,2007,0,Sudeste
330560,2010,0,Sudeste
330570,2007,0,Sudeste
330570,2010,0,Sudeste
330575,2007,0,Sudeste
330575,2010,0,Sudeste
330580,2007,0,Sudeste
330580,2010,0,Sudeste
330590,2007,0,Sudeste
330590,2010,0,Sudeste
330600,2007,0,Sudeste
330600,2010,0,Sudeste
330610,2007,0,Sudeste
330610,2010,0,Sudeste
330610,2010,0,Sudeste
330610,2010,0,Sudeste
330610,2010,0,Sudeste
330615,2007,0,Sudeste
330615,2010,0,Sudeste
330620,2007,0,Sudeste
330620,2010,0,Sudeste
330630,2007,1,Sudeste
330630,2010,1,Sudeste
350010,2007,0,Sudeste
350010,2010,0,Sudeste
350020,2007,0,Sudeste
350020,2010,0,Sudeste
350030,2007,0,Sudeste
350030,2010,0,Sudeste
350040,2007,0,Sudeste
350040,2010,0,Sudeste
350050,2007,0,Sudeste
350050,2010,0,Sudeste
350055,2007,0,Sudeste
350055,2010,0,Sudeste
350060,2007,0,Sudeste
350060,2010,0,Sudeste
350070,2007,0,Sudeste
350070,2010,0,Sudeste
350075,2007,0,Sudeste
350075,2010,0,Sudeste
350080,2007,0,Sudeste
350080,2010,0,Sudeste
350090,2007,0,Sudeste
350090,2010,0,Sudeste
350100,2007,0,Sudeste
350100,2010,0,Sudeste
350115,2007,0,Sudeste
350115,2010,0,Sudeste
350120,2007,0,Sudeste
350120,2010,0,Sudeste
350130,2007,0,Sudeste
350130,2010,0,Sudeste
350140,2007,0,Sudeste
350140,2010,0,Sudeste
350150,2007,0,Sudeste
350150,2010,0,Sudeste
350160,2007,0,Sudeste
350160,2010,0,Sudeste
350170,2007,0,Sudeste
350170,2010,0,Sudeste
350180,2007,0,Sudeste
350180,2010,0,Sudeste
350190,2007,0,Sudeste
350190,2010,0,Sudeste
350190,2010,0,Sudeste
350190,2010,0,Sudeste
350190,2010,0,Sudeste
350200,2007,0,Sudeste
350200,2010,0,Sudeste
350210,2007,0,Sudeste
350210,2010,0,Sudeste
350220,2007,0,Sudeste
350220,2010,0,Sudeste
350230,2007,0,Sudeste
350230,2010,0,Sudeste
350240,2007,0,Sudeste
350240,2010,0,Sudeste
350250,2007,0,Sudeste
350250,2010,0,Sudeste
350250,2010,0,Sudeste
350250,2010,0,Sudeste
350250,2010,0,Sudeste
350260,2007,0,Sudeste
350260,2010,0,Sudeste
350270,2007,0,Sudeste
350270,2010,0,Sudeste
350275,2007,0,Sudeste
350275,2010,0,Sudeste
350280,2007,0,Sudeste
350280,2010,0,Sudeste
350290,2007,0,Sudeste
350290,2010,0,Sudeste
350300,2007,0,Sudeste
350300,2010,0,Sudeste
350310,2007,0,Sudeste
350310,2010,0,Sudeste
350315,2007,0,Sudeste
350315,2010,0,Sudeste
350320,2007,0,Sudeste
350320,2010,0,Sudeste
350330,2007,0,Sudeste
350330,2010,0,Sudeste
350335,2007,0,Sudeste
350335,2010,0,Sudeste
350340,2007,0,Sudeste
350340,2010,0,Sudeste
350350,2007,0,Sudeste
350350,2010,0,Sudeste
350360,2007,0,Sudeste
350360,2010,0,Sudeste
350370,2007,0,Sudeste
350370,2010,0,Sudeste
350380,2007,0,Sudeste
350380,2010,0,Sudeste
350390,2007,0,Sudeste
350390,2010,0,Sudeste
350395,2007,0,Sudeste
350395,2010,0,Sudeste
350400,2007,0,Sudeste
350400,2010,0,Sudeste
350410,2007,0,Sudeste
350410,2010,0,Sudeste
350420,2007,0,Sudeste
350420,2010,0,Sudeste
350430,2007,0,Sudeste
350430,2010,0,Sudeste
350440,2007,0,Sudeste
350440,2010,0,Sudeste
350450,2007,0,Sudeste
350450,2010,0,Sudeste
350460,2007,0,Sudeste
350460,2010,0,Sudeste
350470,2007,0,Sudeste
350470,2010,0,Sudeste
350480,2007,0,Sudeste
350480,2010,0,Sudeste
350490,2007,0,Sudeste
350490,2010,0,Sudeste
350500,2007,0,Sudeste
350500,2010,0,Sudeste
350510,2007,0,Sudeste
350510,2010,0,Sudeste
350520,2007,0,Sudeste
350520,2010,0,Sudeste
350535,2007,0,Sudeste
350535,2010,0,Sudeste
350540,2007,0,Sudeste
350540,2010,0,Sudeste
350550,2007,0,Sudeste
350550,2010,0,Sudeste
350560,2007,0,Sudeste
350560,2010,0,Sudeste
350570,2007,0,Sudeste
350570,2010,0,Sudeste
350580,2007,0,Sudeste
350580,2010,0,Sudeste
350590,2007,0,Sudeste
350590,2010,0,Sudeste
350600,2007,1,Sudeste
350600,2010,1,Sudeste
350610,2007,0,Sudeste
350610,2010,0,Sudeste
350620,2007,0,Sudeste
350620,2010,0,Sudeste
350630,2007,0,Sudeste
350630,2010,0,Sudeste
350635,2007,0,Sudeste
350635,2010,0,Sudeste
350640,2007,0,Sudeste
350640,2010,0,Sudeste
350650,2007,0,Sudeste
350650,2010,0,Sudeste
350660,2007,0,Sudeste
350660,2010,0,Sudeste
350670,2007,0,Sudeste
350670,2010,0,Sudeste
350680,2007,0,Sudeste
350680,2010,0,Sudeste
350680,2010,0,Sudeste
350680,2010,0,Sudeste
350680,2010,0,Sudeste
350690,2007,0,Sudeste
350690,2010,0,Sudeste
350700,2007,0,Sudeste
350700,2010,0,Sudeste
350710,2007,0,Sudeste
350710,2010,0,Sudeste
350715,2007,0,Sudeste
350715,2010,0,Sudeste
350720,2007,0,Sudeste
350720,2010,0,Sudeste
350730,2007,0,Sudeste
350730,2010,0,Sudeste
350740,2007,0,Sudeste
350740,2010,0,Sudeste
350740,2010,0,Sudeste
350740,2010,0,Sudeste
350740,2010,0,Sudeste
350745,2007,0,Sudeste
350745,2010,0,Sudeste
350750,2007,0,Sudeste
350750,2010,0,Sudeste
350760,2007,0,Sudeste
350760,2010,0,Sudeste
350770,2007,0,Sudeste
350770,2010,0,Sudeste
350775,2007,0,Sudeste
350775,2010,0,Sudeste
350780,2007,0,Sudeste
350780,2010,0,Sudeste
350790,2007,0,Sudeste
350790,2010,0,Sudeste
350800,2007,0,Sudeste
350800,2010,0,Sudeste
350810,2007,0,Sudeste
350810,2010,0,Sudeste
350820,2007,0,Sudeste
350820,2010,0,Sudeste
350830,2007,0,Sudeste
350830,2010,0,Sudeste
350840,2007,0,Sudeste
350840,2010,0,Sudeste
350850,2007,0,Sudeste
350850,2010,0,Sudeste
350860,2007,0,Sudeste
350860,2010,0,Sudeste
350870,2007,0,Sudeste
350870,2010,0,Sudeste
350890,2007,0,Sudeste
350890,2010,0,Sudeste
350900,2007,0,Sudeste
350900,2010,0,Sudeste
350910,2007,0,Sudeste
350910,2010,0,Sudeste
350920,2007,0,Sudeste
350920,2010,0,Sudeste
350925,2007,0,Sudeste
350925,2010,0,Sudeste
350930,2007,0,Sudeste
350930,2010,0,Sudeste
350940,2007,0,Sudeste
350940,2010,0,Sudeste
350945,2007,0,Sudeste
350945,2010,0,Sudeste
350950,2007,1,Sudeste
350950,2010,1,Sudeste
350960,2007,0,Sudeste
350960,2010,0,Sudeste
350970,2007,0,Sudeste
350970,2010,0,Sudeste
350980,2007,0,Sudeste
350980,2010,0,Sudeste
350990,2007,0,Sudeste
350990,2010,0,Sudeste
350995,2007,0,Sudeste
350995,2010,0,Sudeste
351000,2007,0,Sudeste
351000,2010,0,Sudeste
351010,2007,0,Sudeste
351010,2010,0,Sudeste
351015,2007,0,Sudeste
351015,2010,0,Sudeste
351020,2007,0,Sudeste
351020,2010,0,Sudeste
351030,2007,0,Sudeste
351030,2010,0,Sudeste
351040,2007,0,Sudeste
351040,2010,0,Sudeste
351050,2007,0,Sudeste
351050,2010,0,Sudeste
351060,2007,1,Sudeste
351060,2010,1,Sudeste
351070,2007,0,Sudeste
351070,2010,0,Sudeste
351080,2007,0,Sudeste
351080,2010,0,Sudeste
351090,2007,0,Sudeste
351090,2010,0,Sudeste
351100,2007,0,Sudeste
351100,2010,0,Sudeste
351110,2007,0,Sudeste
351110,2010,0,Sudeste
351120,2007,0,Sudeste
351120,2010,0,Sudeste
351130,2007,0,Sudeste
351130,2010,0,Sudeste
351130,2010,0,Sudeste
351130,2010,0,Sudeste
351130,2010,0,Sudeste
351140,2007,0,Sudeste
351140,2010,0,Sudeste
351150,2007,0,Sudeste
351150,2010,0,Sudeste
351160,2007,0,Sudeste
351160,2010,0,Sudeste
351170,2007,0,Sudeste
351170,2010,0,Sudeste
351190,2007,0,Sudeste
351190,2010,0,Sudeste
351200,2007,0,Sudeste
351200,2010,0,Sudeste
351210,2007,0,Sudeste
351210,2010,0,Sudeste
351220,2007,0,Sudeste
351220,2010,0,Sudeste
351230,2007,0,Sudeste
351230,2010,0,Sudeste
351240,2007,0,Sudeste
351240,2010,0,Sudeste
351250,2007,0,Sudeste
351250,2010,0,Sudeste
351260,2007,0,Sudeste
351260,2010,0,Sudeste
351270,2007,0,Sudeste
351270,2010,0,Sudeste
351280,2007,0,Sudeste
351280,2010,0,Sudeste
351290,2007,0,Sudeste
351290,2010,0,Sudeste
351300,2007,0,Sudeste
351300,2010,0,Sudeste
351310,2007,0,Sudeste
351310,2010,0,Sudeste
351320,2007,0,Sudeste
351320,2010,0,Sudeste
351330,2007,0,Sudeste
351330,2010,0,Sudeste
351340,2007,0,Sudeste
351340,2010,0,Sudeste
351350,2007,0,Sudeste
351350,2010,0,Sudeste
351360,2007,0,Sudeste
351360,2010,0,Sudeste
351370,2007,0,Sudeste
351370,2010,0,Sudeste
351380,2007,1,Sudeste
351380,2010,1,Sudeste
351385,2007,0,Sudeste
351385,2010,0,Sudeste
351390,2007,0,Sudeste
351390,2010,0,Sudeste
351400,2007,0,Sudeste
351400,2010,0,Sudeste
351410,2007,0,Sudeste
351410,2010,0,Sudeste
351420,2007,0,Sudeste
351420,2010,0,Sudeste
351430,2007,0,Sudeste
351430,2010,0,Sudeste
351440,2007,0,Sudeste
351440,2010,0,Sudeste
351450,2007,0,Sudeste
351450,2010,0,Sudeste
351460,2007,0,Sudeste
351460,2010,0,Sudeste
351470,2007,0,Sudeste
351470,2010,0,Sudeste
351490,2007,0,Sudeste
351490,2010,0,Sudeste
351492,2007,0,Sudeste
351492,2010,0,Sudeste
351495,2007,0,Sudeste
351495,2010,0,Sudeste
351510,2007,0,Sudeste
351510,2010,0,Sudeste
351512,2007,0,Sudeste
351512,2010,0,Sudeste
351515,2007,0,Sudeste
351515,2010,0,Sudeste
351518,2007,0,Sudeste
351518,2010,0,Sudeste
351519,2007,0,Sudeste
351519,2010,0,Sudeste
351520,2007,0,Sudeste
351520,2010,0,Sudeste
351535,2007,0,Sudeste
351535,2010,0,Sudeste
351540,2007,0,Sudeste
351540,2010,0,Sudeste
351550,2007,0,Sudeste
351550,2010,0,Sudeste
351560,2007,0,Sudeste
351560,2010,0,Sudeste
351565,2007,0,Sudeste
351565,2010,0,Sudeste
351570,2007,0,Sudeste
351570,2010,0,Sudeste
351580,2007,0,Sudeste
351580,2010,0,Sudeste
351590,2007,0,Sudeste
351590,2010,0,Sudeste
351600,2007,0,Sudeste
351600,2010,0,Sudeste
351610,2007,0,Sudeste
351610,2010,0,Sudeste
351620,2007,1,Sudeste
351620,2010,1,Sudeste
351630,2007,0,Sudeste
351630,2010,0,Sudeste
351640,2007,0,Sudeste
351640,2010,0,Sudeste
351650,2007,0,Sudeste
351650,2010,0,Sudeste
351660,2007,0,Sudeste
351660,2010,0,Sudeste
351670,2007,0,Sudeste
351670,2010,0,Sudeste
351680,2007,0,Sudeste
351680,2010,0,Sudeste
351685,2007,0,Sudeste
351685,2010,0,Sudeste
351690,2007,0,Sudeste
351690,2010,0,Sudeste
351700,2007,0,Sudeste
351700,2010,0,Sudeste
351710,2007,0,Sudeste
351710,2010,0,Sudeste
351720,2007,0,Sudeste
351720,2010,0,Sudeste
351730,2007,0,Sudeste
351730,2010,0,Sudeste
351750,2007,0,Sudeste
351750,2010,0,Sudeste
351760,2007,0,Sudeste
351760,2010,0,Sudeste
351770,2007,0,Sudeste
351770,2010,0,Sudeste
351780,2007,0,Sudeste
351780,2010,0,Sudeste
351800,2007,0,Sudeste
351800,2010,0,Sudeste
351810,2007,0,Sudeste
351810,2010,0,Sudeste
351820,2007,0,Sudeste
351820,2010,0,Sudeste
351830,2007,0,Sudeste
351830,2010,0,Sudeste
351840,2007,0,Sudeste
351840,2010,0,Sudeste
351850,2007,0,Sudeste
351850,2010,0,Sudeste
351860,2007,0,Sudeste
351860,2010,0,Sudeste
351870,2007,1,Sudeste
351870,2010,1,Sudeste
351880,2007,1,Sudeste
351880,2010,1,Sudeste
351885,2007,0,Sudeste
351885,2010,0,Sudeste
351890,2007,0,Sudeste
351890,2010,0,Sudeste
351900,2007,0,Sudeste
351900,2010,0,Sudeste
351905,2007,0,Sudeste
351905,2010,0,Sudeste
351907,2007,0,Sudeste
351907,2010,0,Sudeste
351910,2007,0,Sudeste
351910,2010,0,Sudeste
351920,2007,0,Sudeste
351920,2010,0,Sudeste
351925,2007,0,Sudeste
351925,2010,0,Sudeste
351930,2007,0,Sudeste
351930,2010,0,Sudeste
351940,2007,0,Sudeste
351940,2010,0,Sudeste
351950,2007,0,Sudeste
351950,2010,0,Sudeste
351960,2007,0,Sudeste
351960,2010,0,Sudeste
351970,2007,0,Sudeste
351970,2010,0,Sudeste
351980,2007,0,Sudeste
351980,2010,0,Sudeste
351990,2007,0,Sudeste
351990,2010,0,Sudeste
352000,2007,0,Sudeste
352000,2010,0,Sudeste
352010,2007,0,Sudeste
352010,2010,0,Sudeste
352020,2007,0,Sudeste
352020,2010,0,Sudeste
352030,2007,0,Sudeste
352030,2010,0,Sudeste
352040,2007,0,Sudeste
352040,2010,0,Sudeste
352042,2007,0,Sudeste
352042,2010,0,Sudeste
352044,2007,0,Sudeste
352044,2010,0,Sudeste
352050,2007,0,Sudeste
352050,2010,0,Sudeste
352060,2007,0,Sudeste
352060,2010,0,Sudeste
352070,2007,0,Sudeste
352070,2010,0,Sudeste
352080,2007,0,Sudeste
352080,2010,0,Sudeste
352090,2007,0,Sudeste
352090,2010,0,Sudeste
352100,2007,0,Sudeste
352100,2010,0,Sudeste
352110,2007,0,Sudeste
352110,2010,0,Sudeste
352115,2007,0,Sudeste
352115,2010,0,Sudeste
352120,2007,0,Sudeste
352120,2010,0,Sudeste
352130,2007,0,Sudeste
352130,2010,0,Sudeste
352140,2007,0,Sudeste
352140,2010,0,Sudeste
352150,2007,0,Sudeste
352150,2010,0,Sudeste
352160,2007,0,Sudeste
352160,2010,0,Sudeste
352170,2007,0,Sudeste
352170,2010,0,Sudeste
352180,2007,0,Sudeste
352180,2010,0,Sudeste
352190,2007,0,Sudeste
352190,2010,0,Sudeste
352200,2007,0,Sudeste
352200,2010,0,Sudeste
352210,2007,0,Sudeste
352210,2010,0,Sudeste
352215,2007,0,Sudeste
352215,2010,0,Sudeste
352220,2007,0,Sudeste
352220,2010,0,Sudeste
352230,2007,0,Sudeste
352230,2010,0,Sudeste
352240,2007,0,Sudeste
352240,2010,0,Sudeste
352240,2010,0,Sudeste
352240,2010,0,Sudeste
352240,2010,0,Sudeste
352250,2007,0,Sudeste
352250,2010,0,Sudeste
352260,2007,0,Sudeste
352260,2010,0,Sudeste
352265,2007,0,Sudeste
352265,2010,0,Sudeste
352270,2007,0,Sudeste
352270,2010,0,Sudeste
352280,2007,0,Sudeste
352280,2010,0,Sudeste
352280,2010,0,Sudeste
352280,2010,0,Sudeste
352280,2010,0,Sudeste
352290,2007,0,Sudeste
352290,2010,0,Sudeste
352300,2007,0,Sudeste
352300,2010,0,Sudeste
352310,2007,1,Sudeste
352310,2010,1,Sudeste
352320,2007,0,Sudeste
352320,2010,0,Sudeste
352330,2007,0,Sudeste
352330,2010,0,Sudeste
352340,2007,0,Sudeste
352340,2010,0,Sudeste
352350,2007,0,Sudeste
352350,2010,0,Sudeste
352360,2007,0,Sudeste
352360,2010,0,Sudeste
352370,2007,0,Sudeste
352370,2010,0,Sudeste
352380,2007,0,Sudeste
352380,2010,0,Sudeste
352390,2007,0,Sudeste
352390,2010,0,Sudeste
352400,2007,0,Sudeste
352400,2010,0,Sudeste
352410,2007,0,Sudeste
352410,2010,0,Sudeste
352420,2007,0,Sudeste
352420,2010,0,Sudeste
352420,2010,0,Sudeste
352420,2010,0,Sudeste
352420,2010,0,Sudeste
352430,2007,0,Sudeste
352430,2010,0,Sudeste
352440,2007,0,Sudeste
352440,2010,0,Sudeste
352450,2007,0,Sudeste
352450,2010,0,Sudeste
352460,2007,0,Sudeste
352460,2010,0,Sudeste
352470,2007,0,Sudeste
352470,2010,0,Sudeste
352480,2007,0,Sudeste
352480,2010,0,Sudeste
352490,2007,0,Sudeste
352490,2010,0,Sudeste
352500,2007,0,Sudeste
352500,2010,0,Sudeste
352520,2007,0,Sudeste
352520,2010,0,Sudeste
352530,2007,0,Sudeste
352530,2010,0,Sudeste
352540,2007,0,Sudeste
352540,2010,0,Sudeste
352550,2007,0,Sudeste
352550,2010,0,Sudeste
352560,2007,0,Sudeste
352560,2010,0,Sudeste
352570,2007,0,Sudeste
352570,2010,0,Sudeste
352580,2007,0,Sudeste
352580,2010,0,Sudeste
352585,2007,0,Sudeste
352585,2010,0,Sudeste
352590,2007,1,Sudeste
352590,2010,1,Sudeste
352600,2007,0,Sudeste
352600,2010,0,Sudeste
352610,2007,0,Sudeste
352610,2010,0,Sudeste
352620,2007,0,Sudeste
352620,2010,0,Sudeste
352630,2007,0,Sudeste
352630,2010,0,Sudeste
352640,2007,0,Sudeste
352640,2010,0,Sudeste
352650,2007,0,Sudeste
352650,2010,0,Sudeste
352660,2007,0,Sudeste
352660,2010,0,Sudeste
352670,2007,0,Sudeste
352670,2010,0,Sudeste
352680,2007,0,Sudeste
352680,2010,0,Sudeste
352690,2007,1,Sudeste
352690,2010,1,Sudeste
352700,2007,0,Sudeste
352700,2010,0,Sudeste
352710,2007,0,Sudeste
352710,2010,0,Sudeste
352720,2007,0,Sudeste
352720,2010,0,Sudeste
352725,2007,0,Sudeste
352725,2010,0,Sudeste
352730,2007,0,Sudeste
352730,2010,0,Sudeste
352740,2007,0,Sudeste
352740,2010,0,Sudeste
352750,2007,0,Sudeste
352750,2010,0,Sudeste
352760,2007,0,Sudeste
352760,2010,0,Sudeste
352770,2007,0,Sudeste
352770,2010,0,Sudeste
352780,2007,0,Sudeste
352780,2010,0,Sudeste
352790,2007,0,Sudeste
352790,2010,0,Sudeste
352800,2007,0,Sudeste
352800,2010,0,Sudeste
352810,2007,0,Sudeste
352810,2010,0,Sudeste
352820,2007,0,Sudeste
352820,2010,0,Sudeste
352830,2007,0,Sudeste
352830,2010,0,Sudeste
352840,2007,0,Sudeste
352840,2010,0,Sudeste
352850,2007,0,Sudeste
352850,2010,0,Sudeste
352860,2007,0,Sudeste
352860,2010,0,Sudeste
352870,2007,0,Sudeste
352870,2010,0,Sudeste
352880,2007,0,Sudeste
352880,2010,0,Sudeste
352885,2007,0,Sudeste
352885,2010,0,Sudeste
352890,2007,0,Sudeste
352890,2010,0,Sudeste
352900,2007,0,Sudeste
352900,2010,0,Sudeste
352910,2007,0,Sudeste
352910,2010,0,Sudeste
352920,2007,0,Sudeste
352920,2010,0,Sudeste
352930,2007,0,Sudeste
352930,2010,0,Sudeste
352940,2007,1,Sudeste
352940,2010,1,Sudeste
352950,2007,0,Sudeste
352950,2010,0,Sudeste
352960,2007,0,Sudeste
352960,2010,0,Sudeste
352965,2007,0,Sudeste
352965,2010,0,Sudeste
352970,2007,0,Sudeste
352970,2010,0,Sudeste
352980,2007,0,Sudeste
352980,2010,0,Sudeste
352990,2007,0,Sudeste
352990,2010,0,Sudeste
353000,2007,0,Sudeste
353000,2010,0,Sudeste
353010,2007,0,Sudeste
353010,2010,0,Sudeste
353020,2007,0,Sudeste
353020,2010,0,Sudeste
353030,2007,0,Sudeste
353030,2010,0,Sudeste
353040,2007,0,Sudeste
353040,2010,0,Sudeste
353050,2007,0,Sudeste
353050,2010,0,Sudeste
353060,2007,1,Sudeste
353060,2010,1,Sudeste
353070,2007,0,Sudeste
353070,2010,0,Sudeste
353080,2007,0,Sudeste
353080,2010,0,Sudeste
353090,2007,0,Sudeste
353090,2010,0,Sudeste
353100,2007,0,Sudeste
353100,2010,0,Sudeste
353110,2007,0,Sudeste
353110,2010,0,Sudeste
353120,2007,0,Sudeste
353120,2010,0,Sudeste
353130,2007,0,Sudeste
353130,2010,0,Sudeste
353140,2007,0,Sudeste
353140,2010,0,Sudeste
353150,2007,0,Sudeste
353150,2010,0,Sudeste
353170,2007,0,Sudeste
353170,2010,0,Sudeste
353180,2007,0,Sudeste
353180,2010,0,Sudeste
353190,2007,0,Sudeste
353190,2010,0,Sudeste
353200,2007,0,Sudeste
353200,2010,0,Sudeste
353205,2007,0,Sudeste
353205,2010,0,Sudeste
353210,2007,0,Sudeste
353210,2010,0,Sudeste
353215,2007,0,Sudeste
353215,2010,0,Sudeste
353220,2007,0,Sudeste
353220,2010,0,Sudeste
353230,2007,0,Sudeste
353230,2010,0,Sudeste
353240,2007,0,Sudeste
353240,2010,0,Sudeste
353250,2007,0,Sudeste
353250,2010,0,Sudeste
353260,2007,0,Sudeste
353260,2010,0,Sudeste
353270,2007,0,Sudeste
353270,2010,0,Sudeste
353280,2007,0,Sudeste
353280,2010,0,Sudeste
353282,2007,0,Sudeste
353282,2010,0,Sudeste
353284,2007,0,Sudeste
353284,2010,0,Sudeste
353286,2007,0,Sudeste
353286,2010,0,Sudeste
353290,2007,0,Sudeste
353290,2010,0,Sudeste
353300,2007,0,Sudeste
353300,2010,0,Sudeste
353310,2007,0,Sudeste
353310,2010,0,Sudeste
353320,2007,0,Sudeste
353320,2010,0,Sudeste
353325,2007,0,Sudeste
353325,2010,0,Sudeste
353330,2007,0,Sudeste
353330,2010,0,Sudeste
353340,2007,0,Sudeste
353340,2010,0,Sudeste
353360,2007,0,Sudeste
353360,2010,0,Sudeste
353370,2007,0,Sudeste
353370,2010,0,Sudeste
353380,2007,0,Sudeste
353380,2010,0,Sudeste
353390,2007,0,Sudeste
353390,2010,0,Sudeste
353400,2007,0,Sudeste
353400,2010,0,Sudeste
353410,2007,0,Sudeste
353410,2010,0,Sudeste
353420,2007,0,Sudeste
353420,2010,0,Sudeste
353430,2007,0,Sudeste
353430,2010,0,Sudeste
353440,2007,1,Sudeste
353440,2010,1,Sudeste
353450,2007,0,Sudeste
353450,2010,0,Sudeste
353460,2007,0,Sudeste
353460,2010,0,Sudeste
353470,2007,0,Sudeste
353470,2010,0,Sudeste
353475,2007,0,Sudeste
353475,2010,0,Sudeste
353490,2007,0,Sudeste
353490,2010,0,Sudeste
353500,2007,0,Sudeste
353500,2010,0,Sudeste
353500,2010,0,Sudeste
353500,2010,0,Sudeste
353500,2010,0,Sudeste
353510,2007,0,Sudeste
353510,2010,0,Sudeste
353520,2007,0,Sudeste
353520,2010,0,Sudeste
353540,2007,0,Sudeste
353540,2010,0,Sudeste
353550,2007,0,Sudeste
353550,2010,0,Sudeste
353560,2007,0,Sudeste
353560,2010,0,Sudeste
353580,2007,0,Sudeste
353580,2010,0,Sudeste
353590,2007,0,Sudeste
353590,2010,0,Sudeste
353600,2007,0,Sudeste
353600,2010,0,Sudeste
353610,2007,0,Sudeste
353610,2010,0,Sudeste
353620,2007,0,Sudeste
353620,2010,0,Sudeste
353625,2007,0,Sudeste
353625,2010,0,Sudeste
353630,2007,0,Sudeste
353630,2010,0,Sudeste
353640,2007,0,Sudeste
353640,2010,0,Sudeste
353650,2007,0,Sudeste
353650,2010,0,Sudeste
353657,2007,0,Sudeste
353657,2010,0,Sudeste
353660,2007,0,Sudeste
353660,2010,0,Sudeste
353670,2007,0,Sudeste
353670,2010,0,Sudeste
353680,2007,0,Sudeste
353680,2010,0,Sudeste
353690,2007,0,Sudeste
353690,2010,0,Sudeste
353700,2007,0,Sudeste
353700,2010,0,Sudeste
353710,2007,0,Sudeste
353710,2010,0,Sudeste
353715,2007,0,Sudeste
353715,2010,0,Sudeste
353720,2007,0,Sudeste
353720,2010,0,Sudeste
353730,2007,0,Sudeste
353730,2010,0,Sudeste
353740,2007,0,Sudeste
353740,2010,0,Sudeste
353750,2007,0,Sudeste
353750,2010,0,Sudeste
353760,2007,0,Sudeste
353760,2010,0,Sudeste
353770,2007,0,Sudeste
353770,2010,0,Sudeste
353780,2007,0,Sudeste
353780,2010,0,Sudeste
353790,2007,0,Sudeste
353790,2010,0,Sudeste
353800,2007,0,Sudeste
353800,2010,0,Sudeste
353810,2007,0,Sudeste
353810,2010,0,Sudeste
353830,2007,0,Sudeste
353830,2010,0,Sudeste
353850,2007,0,Sudeste
353850,2010,0,Sudeste
353860,2007,0,Sudeste
353860,2010,0,Sudeste
353870,2007,1,Sudeste
353870,2010,1,Sudeste
353880,2007,0,Sudeste
353880,2010,0,Sudeste
353890,2007,0,Sudeste
353890,2010,0,Sudeste
353900,2007,0,Sudeste
353900,2010,0,Sudeste
353910,2007,0,Sudeste
353910,2010,0,Sudeste
353920,2007,0,Sudeste
353920,2010,0,Sudeste
353930,2007,0,Sudeste
353930,2010,0,Sudeste
353940,2007,0,Sudeste
353940,2010,0,Sudeste
353970,2007,0,Sudeste
353970,2010,0,Sudeste
353980,2007,0,Sudeste
353980,2010,0,Sudeste
353990,2007,0,Sudeste
353990,2010,0,Sudeste
354000,2007,0,Sudeste
354000,2010,0,Sudeste
354010,2007,0,Sudeste
354010,2010,0,Sudeste
354020,2007,0,Sudeste
354020,2010,0,Sudeste
354025,2007,0,Sudeste
354025,2010,0,Sudeste
354030,2007,0,Sudeste
354030,2010,0,Sudeste
354040,2007,0,Sudeste
354040,2010,0,Sudeste
354050,2007,0,Sudeste
354050,2010,0,Sudeste
354060,2007,0,Sudeste
354060,2010,0,Sudeste
354070,2007,0,Sudeste
354070,2010,0,Sudeste
354075,2007,0,Sudeste
354075,2010,0,Sudeste
354080,2007,0,Sudeste
354080,2010,0,Sudeste
354085,2007,0,Sudeste
354085,2010,0,Sudeste
354090,2007,0,Sudeste
354090,2010,0,Sudeste
354105,2007,0,Sudeste
354105,2010,0,Sudeste
354110,2007,0,Sudeste
354110,2010,0,Sudeste
354120,2007,0,Sudeste
354120,2010,0,Sudeste
354120,2010,0,Sudeste
354120,2010,0,Sudeste
354120,2010,0,Sudeste
354130,2007,0,Sudeste
354130,2010,0,Sudeste
354140,2007,0,Sudeste
354140,2010,0,Sudeste
354150,2007,0,Sudeste
354150,2010,0,Sudeste
354160,2007,0,Sudeste
354160,2010,0,Sudeste
354165,2007,0,Sudeste
354165,2010,0,Sudeste
354170,2007,0,Sudeste
354170,2010,0,Sudeste
354180,2007,0,Sudeste
354180,2010,0,Sudeste
354190,2007,0,Sudeste
354190,2010,0,Sudeste
354200,2007,0,Sudeste
354200,2010,0,Sudeste
354210,2007,0,Sudeste
354210,2010,0,Sudeste
354220,2007,0,Sudeste
354220,2010,0,Sudeste
354230,2007,0,Sudeste
354230,2010,0,Sudeste
354240,2007,0,Sudeste
354240,2010,0,Sudeste
354250,2007,0,Sudeste
354250,2010,0,Sudeste
354260,2007,0,Sudeste
354260,2010,0,Sudeste
354270,2007,0,Sudeste
354270,2010,0,Sudeste
354280,2007,0,Sudeste
354280,2010,0,Sudeste
354290,2007,0,Sudeste
354290,2010,0,Sudeste
354300,2007,0,Sudeste
354300,2010,0,Sudeste
354310,2007,0,Sudeste
354310,2010,0,Sudeste
354320,2007,0,Sudeste
354320,2010,0,Sudeste
354323,2007,0,Sudeste
354323,2010,0,Sudeste
354325,2007,0,Sudeste
354325,2010,0,Sudeste
354330,2007,0,Sudeste
354330,2010,0,Sudeste
354340,2007,1,Sudeste
354340,2010,1,Sudeste
354350,2007,0,Sudeste
354350,2010,0,Sudeste
354360,2007,0,Sudeste
354360,2010,0,Sudeste
354370,2007,0,Sudeste
354370,2010,0,Sudeste
354380,2007,0,Sudeste
354380,2010,0,Sudeste
354390,2007,0,Sudeste
354390,2010,0,Sudeste
354390,2010,0,Sudeste
354390,2010,0,Sudeste
354390,2010,0,Sudeste
354400,2007,0,Sudeste
354400,2010,0,Sudeste
354410,2007,0,Sudeste
354410,2010,0,Sudeste
354420,2007,0,Sudeste
354420,2010,0,Sudeste
354425,2007,0,Sudeste
354425,2010,0,Sudeste
354430,2007,0,Sudeste
354430,2010,0,Sudeste
354440,2007,0,Sudeste
354440,2010,0,Sudeste
354450,2007,0,Sudeste
354450,2010,0,Sudeste
354460,2007,0,Sudeste
354460,2010,0,Sudeste
354470,2007,0,Sudeste
354470,2010,0,Sudeste
354480,2007,0,Sudeste
354480,2010,0,Sudeste
354490,2007,0,Sudeste
354490,2010,0,Sudeste
354500,2007,0,Sudeste
354500,2010,0,Sudeste
354510,2007,0,Sudeste
354510,2010,0,Sudeste
354520,2007,0,Sudeste
354520,2010,0,Sudeste
354530,2007,0,Sudeste
354530,2010,0,Sudeste
354540,2007,0,Sudeste
354540,2010,0,Sudeste
354550,2007,0,Sudeste
354550,2010,0,Sudeste
354560,2007,0,Sudeste
354560,2010,0,Sudeste
354570,2007,0,Sudeste
354570,2010,0,Sudeste
354580,2007,0,Sudeste
354580,2010,0,Sudeste
354600,2007,0,Sudeste
354600,2010,0,Sudeste
354610,2007,0,Sudeste
354610,2010,0,Sudeste
354620,2007,0,Sudeste
354620,2010,0,Sudeste
354625,2007,0,Sudeste
354625,2010,0,Sudeste
354630,2007,0,Sudeste
354630,2010,0,Sudeste
354640,2007,0,Sudeste
354640,2010,0,Sudeste
354650,2007,0,Sudeste
354650,2010,0,Sudeste
354660,2007,0,Sudeste
354660,2010,0,Sudeste
354670,2007,0,Sudeste
354670,2010,0,Sudeste
354700,2007,0,Sudeste
354700,2010,0,Sudeste
354710,2007,0,Sudeste
354710,2010,0,Sudeste
354720,2007,0,Sudeste
354720,2010,0,Sudeste
354730,2007,0,Sudeste
354730,2010,0,Sudeste
354740,2007,0,Sudeste
354740,2010,0,Sudeste
354750,2007,0,Sudeste
354750,2010,0,Sudeste
354760,2007,0,Sudeste
354760,2010,0,Sudeste
354765,2007,0,Sudeste
354765,2010,0,Sudeste
354770,2007,0,Sudeste
354770,2010,0,Sudeste
354780,2007,1,Sudeste
354780,2010,1,Sudeste
354780,2010,1,Sudeste
354780,2010,1,Sudeste
354780,2010,1,Sudeste
354790,2007,0,Sudeste
354790,2010,0,Sudeste
354800,2007,0,Sudeste
354800,2010,0,Sudeste
354805,2007,0,Sudeste
354805,2010,0,Sudeste
354810,2007,0,Sudeste
354810,2010,0,Sudeste
354820,2007,0,Sudeste
354820,2010,0,Sudeste
354830,2007,0,Sudeste
354830,2010,0,Sudeste
354840,2007,0,Sudeste
354840,2010,0,Sudeste
354850,2007,1,Sudeste
354850,2010,1,Sudeste
354860,2007,0,Sudeste
354860,2010,0,Sudeste
354870,2007,1,Sudeste
354870,2010,1,Sudeste
354880,2007,0,Sudeste
354880,2010,0,Sudeste
354900,2007,0,Sudeste
354900,2010,0,Sudeste
354900,2010,0,Sudeste
354900,2010,0,Sudeste
354900,2010,0,Sudeste
354900,2010,0,Sudeste
354900,2010,0,Sudeste
354900,2010,0,Sudeste
354900,2010,0,Sudeste
354900,2010,0,Sudeste
354900,2010,0,Sudeste
354900,2010,0,Sudeste
354900,2010,0,Sudeste
354900,2010,0,Sudeste
354900,2010,0,Sudeste
354900,2010,0,Sudeste
354900,2010,0,Sudeste
354910,2007,0,Sudeste
354910,2010,0,Sudeste
354920,2007,0,Sudeste
354920,2010,0,Sudeste
354925,2007,0,Sudeste
354925,2010,0,Sudeste
354930,2007,0,Sudeste
354930,2010,0,Sudeste
354940,2007,0,Sudeste
354940,2010,0,Sudeste
354950,2007,0,Sudeste
354950,2010,0,Sudeste
354960,2007,0,Sudeste
354960,2010,0,Sudeste
354970,2007,0,Sudeste
354970,2010,0,Sudeste
354980,2007,1,Sudeste
354980,2010,1,Sudeste
354990,2007,1,Sudeste
354990,2010,1,Sudeste
354995,2007,0,Sudeste
354995,2010,0,Sudeste
355000,2007,0,Sudeste
355000,2010,0,Sudeste
355010,2007,0,Sudeste
355010,2010,0,Sudeste
355020,2007,0,Sudeste
355020,2010,0,Sudeste
355030,2007,1,Sudeste
355030,2010,1,Sudeste
355040,2007,0,Sudeste
355040,2010,0,Sudeste
355040,2010,0,Sudeste
355040,2010,0,Sudeste
355040,2010,0,Sudeste
355050,2007,0,Sudeste
355050,2010,0,Sudeste
355060,2007,0,Sudeste
355060,2010,0,Sudeste
355070,2007,0,Sudeste
355070,2010,0,Sudeste
355070,2010,0,Sudeste
355070,2010,0,Sudeste
355070,2010,0,Sudeste
355080,2007,0,Sudeste
355080,2010,0,Sudeste
355100,2007,1,Sudeste
355100,2010,1,Sudeste
355100,2010,1,Sudeste
355100,2010,1,Sudeste
355100,2010,1,Sudeste
355110,2007,0,Sudeste
355110,2010,0,Sudeste
355120,2007,0,Sudeste
355120,2010,0,Sudeste
355130,2007,0,Sudeste
355130,2010,0,Sudeste
355140,2007,0,Sudeste
355140,2010,0,Sudeste
355150,2007,0,Sudeste
355150,2010,0,Sudeste
355160,2007,0,Sudeste
355160,2010,0,Sudeste
355170,2007,0,Sudeste
355170,2010,0,Sudeste
355170,2010,0,Sudeste
355170,2010,0,Sudeste
355170,2010,0,Sudeste
355180,2007,0,Sudeste
355180,2010,0,Sudeste
355190,2007,0,Sudeste
355190,2010,0,Sudeste
355200,2007,0,Sudeste
355200,2010,0,Sudeste
355210,2007,0,Sudeste
355210,2010,0,Sudeste
355220,2007,1,Sudeste
355220,2010,1,Sudeste
355230,2007,0,Sudeste
355230,2010,0,Sudeste
355240,2007,1,Sudeste
355240,2010,1,Sudeste
355250,2007,1,Sudeste
355250,2010,1,Sudeste
355255,2007,0,Sudeste
355255,2010,0,Sudeste
355260,2007,0,Sudeste
355260,2010,0,Sudeste
355270,2007,0,Sudeste
355270,2010,0,Sudeste
355270,2010,0,Sudeste
355270,2010,0,Sudeste
355270,2010,0,Sudeste
355280,2007,1,Sudeste
355280,2010,1,Sudeste
355290,2007,0,Sudeste
355290,2010,0,Sudeste
355300,2007,0,Sudeste
355300,2010,0,Sudeste
355310,2007,0,Sudeste
355310,2010,0,Sudeste
355320,2007,0,Sudeste
355320,2010,0,Sudeste
355330,2007,0,Sudeste
355330,2010,0,Sudeste
355340,2007,0,Sudeste
355340,2010,0,Sudeste
355350,2007,0,Sudeste
355350,2010,0,Sudeste
355350,2010,0,Sudeste
355350,2010,0,Sudeste
355350,2010,0,Sudeste
355360,2007,0,Sudeste
355360,2010,0,Sudeste
355365,2007,0,Sudeste
355365,2010,0,Sudeste
355370,2007,0,Sudeste
355370,2010,0,Sudeste
355380,2007,0,Sudeste
355380,2010,0,Sudeste
355385,2007,0,Sudeste
355385,2010,0,Sudeste
355390,2007,0,Sudeste
355390,2010,0,Sudeste
355395,2007,0,Sudeste
355395,2010,0,Sudeste
355400,2007,0,Sudeste
355400,2010,0,Sudeste
355410,2007,1,Sudeste
355410,2010,1,Sudeste
355420,2007,0,Sudeste
355420,2010,0,Sudeste
355430,2007,0,Sudeste
355430,2010,0,Sudeste
355430,2010,0,Sudeste
355430,2010,0,Sudeste
355430,2010,0,Sudeste
355450,2007,0,Sudeste
355450,2010,0,Sudeste
355460,2007,0,Sudeste
355460,2010,0,Sudeste
355465,2007,0,Sudeste
355465,2010,0,Sudeste
355470,2007,0,Sudeste
355470,2010,0,Sudeste
355475,2007,0,Sudeste
355475,2010,0,Sudeste
355480,2007,0,Sudeste
355480,2010,0,Sudeste
355490,2007,0,Sudeste
355490,2010,0,Sudeste
355495,2007,0,Sudeste
355495,2010,0,Sudeste
355500,2007,0,Sudeste
355500,2010,0,Sudeste
355510,2007,0,Sudeste
355510,2010,0,Sudeste
355520,2007,0,Sudeste
355520,2010,0,Sudeste
355530,2007,0,Sudeste
355530,2010,0,Sudeste
355530,2010,0,Sudeste
355530,2010,0,Sudeste
355530,2010,0,Sudeste
355535,2007,0,Sudeste
355535,2010,0,Sudeste
355540,2007,0,Sudeste
355540,2010,0,Sudeste
355550,2007,0,Sudeste
355550,2010,0,Sudeste
355560,2007,0,Sudeste
355560,2010,0,Sudeste
355570,2007,0,Sudeste
355570,2010,0,Sudeste
355580,2007,0,Sudeste
355580,2010,0,Sudeste
355590,2007,0,Sudeste
355590,2010,0,Sudeste
355600,2007,0,Sudeste
355600,2010,0,Sudeste
355610,2007,0,Sudeste
355610,2010,0,Sudeste
355620,2007,0,Sudeste
355620,2010,0,Sudeste
355630,2007,0,Sudeste
355630,2010,0,Sudeste
355640,2007,0,Sudeste
355640,2010,0,Sudeste
355645,2007,0,Sudeste
355645,2010,0,Sudeste
355650,2007,0,Sudeste
355650,2010,0,Sudeste
355670,2007,0,Sudeste
355670,2010,0,Sudeste
355680,2007,0,Sudeste
355680,2010,0,Sudeste
355690,2007,0,Sudeste
355690,2010,0,Sudeste
355695,2007,0,Sudeste
355695,2010,0,Sudeste
355700,2007,0,Sudeste
355700,2010,0,Sudeste
355710,2007,0,Sudeste
355710,2010,0,Sudeste
355715,2007,0,Sudeste
355715,2010,0,Sudeste
355720,2007,0,Sudeste
355720,2010,0,Sudeste
355730,2007,0,Sudeste
355730,2010,0,Sudeste
410010,2007,0,Sul
410010,2010,0,Sul
410020,2007,0,Sul
410020,2010,0,Sul
410030,2007,0,Sul
410030,2010,0,Sul
410040,2007,0,Sul
410040,2010,0,Sul
410045,2007,0,Sul
410045,2010,0,Sul
410050,2007,0,Sul
410050,2010,0,Sul
410060,2007,0,Sul
410060,2010,0,Sul
410070,2007,0,Sul
410070,2010,0,Sul
410080,2007,0,Sul
410080,2010,0,Sul
410090,2007,0,Sul
410090,2010,0,Sul
410100,2007,0,Sul
410100,2010,0,Sul
410105,2007,0,Sul
410105,2010,0,Sul
410110,2007,0,Sul
410110,2010,0,Sul
410115,2007,0,Sul
410115,2010,0,Sul
410120,2007,0,Sul
410120,2010,0,Sul
410130,2007,0,Sul
410130,2010,0,Sul
410140,2007,0,Sul
410140,2010,0,Sul
410150,2007,0,Sul
410150,2010,0,Sul
410160,2007,0,Sul
410160,2010,0,Sul
410165,2007,0,Sul
410165,2010,0,Sul
410165,2010,0,Sul
410165,2010,0,Sul
410165,2010,0,Sul
410170,2007,0,Sul
410170,2010,0,Sul
410170,2010,0,Sul
410170,2010,0,Sul
410170,2010,0,Sul
410180,2007,0,Sul
410180,2010,0,Sul
410185,2007,0,Sul
410185,2010,0,Sul
410190,2007,0,Sul
410190,2010,0,Sul
410200,2007,0,Sul
410200,2010,0,Sul
410210,2007,0,Sul
410210,2010,0,Sul
410220,2007,0,Sul
410220,2010,0,Sul
410220,2010,0,Sul
410220,2010,0,Sul
410220,2010,0,Sul
410230,2007,0,Sul
410230,2010,0,Sul
410250,2007,0,Sul
410250,2010,0,Sul
410270,2007,0,Sul
410270,2010,0,Sul
410275,2007,0,Sul
410275,2010,0,Sul
410280,2007,0,Sul
410280,2010,0,Sul
410290,2007,0,Sul
410290,2010,0,Sul
410300,2007,0,Sul
410300,2010,0,Sul
410300,2010,0,Sul
410300,2010,0,Sul
410300,2010,0,Sul
410300,2010,0,Sul
410300,2010,0,Sul
410300,2010,0,Sul
410300,2010,0,Sul
410300,2010,0,Sul
410302,2007,0,Sul
410302,2010,0,Sul
410304,2007,0,Sul
410304,2010,0,Sul
410305,2007,0,Sul
410305,2010,0,Sul
410310,2007,0,Sul
410310,2010,0,Sul
410315,2007,0,Sul
410315,2010,0,Sul
410320,2007,0,Sul
410320,2010,0,Sul
410320,2010,0,Sul
410320,2010,0,Sul
410320,2010,0,Sul
410320,2010,0,Sul
410320,2010,0,Sul
410320,2010,0,Sul
410320,2010,0,Sul
410320,2010,0,Sul
410322,2007,0,Sul
410322,2010,0,Sul
410330,2007,0,Sul
410330,2010,0,Sul
410335,2007,0,Sul
410335,2010,0,Sul
410337,2007,0,Sul
410337,2010,0,Sul
410340,2007,0,Sul
410340,2010,0,Sul
410345,2007,0,Sul
410345,2010,0,Sul
410345,2010,0,Sul
410345,2010,0,Sul
410345,2010,0,Sul
410347,2007,0,Sul
410347,2010,0,Sul
410350,2007,0,Sul
410350,2010,0,Sul
410360,2007,0,Sul
410360,2010,0,Sul
410370,2007,0,Sul
410370,2010,0,Sul
410380,2007,0,Sul
410380,2010,0,Sul
410390,2007,0,Sul
410390,2010,0,Sul
410395,2007,0,Sul
410395,2010,0,Sul
410400,2007,0,Sul
410400,2010,0,Sul
410405,2007,0,Sul
410405,2010,0,Sul
410410,2007,0,Sul
410410,2010,0,Sul
410420,2007,0,Sul
410420,2010,0,Sul
410425,2007,0,Sul
410425,2010,0,Sul
410430,2007,0,Sul
410430,2010,0,Sul
410440,2007,0,Sul
410440,2010,0,Sul
410442,2007,0,Sul
410442,2010,0,Sul
410445,2007,0,Sul
410445,2010,0,Sul
410445,2010,0,Sul
410445,2010,0,Sul
410445,2010,0,Sul
410445,2010,0,Sul
410445,2010,0,Sul
410445,2010,0,Sul
410445,2010,0,Sul
410445,2010,0,Sul
410450,2007,0,Sul
410450,2010,0,Sul
410450,2010,0,Sul
410450,2010,0,Sul
410450,2010,0,Sul
410460,2007,0,Sul
410460,2010,0,Sul
410465,2007,0,Sul
410465,2010,0,Sul
410470,2007,0,Sul
410470,2010,0,Sul
410480,2007,1,Sul
410480,2010,1,Sul
410480,2010,1,Sul
410480,2010,1,Sul
410480,2010,1,Sul
410490,2007,0,Sul
410490,2010,0,Sul
410510,2007,0,Sul
410510,2010,0,Sul
410520,2007,0,Sul
410520,2010,0,Sul
410530,2007,0,Sul
410530,2010,0,Sul
410540,2007,0,Sul
410540,2010,0,Sul
410550,2007,0,Sul
410550,2010,0,Sul
410560,2007,0,Sul
410560,2010,0,Sul
410570,2007,0,Sul
410570,2010,0,Sul
410580,2007,0,Sul
410580,2010,0,Sul
410600,2007,0,Sul
410600,2010,0,Sul
410610,2007,0,Sul
410610,2010,0,Sul
410620,2007,0,Sul
410620,2010,0,Sul
410630,2007,0,Sul
410630,2010,0,Sul
410640,2007,0,Sul
410640,2010,0,Sul
410645,2007,0,Sul
410645,2010,0,Sul
410650,2007,0,Sul
410650,2010,0,Sul
410655,2007,0,Sul
410655,2010,0,Sul
410657,2007,0,Sul
410657,2010,0,Sul
410660,2007,0,Sul
410660,2010,0,Sul
410680,2007,0,Sul
410680,2010,0,Sul
410685,2007,0,Sul
410685,2010,0,Sul
410690,2007,1,Sul
410690,2010,1,Sul
410700,2007,0,Sul
410700,2010,0,Sul
410710,2007,0,Sul
410710,2010,0,Sul
410712,2007,0,Sul
410712,2010,0,Sul
410715,2007,0,Sul
410715,2010,0,Sul
410720,2007,0,Sul
410720,2010,0,Sul
410730,2007,0,Sul
410730,2010,0,Sul
410740,2007,0,Sul
410740,2010,0,Sul
410750,2007,0,Sul
410750,2010,0,Sul
410752,2007,0,Sul
410752,2010,0,Sul
410753,2007,0,Sul
410753,2010,0,Sul
410754,2007,0,Sul
410754,2010,0,Sul
410755,2007,0,Sul
410755,2010,0,Sul
410760,2007,0,Sul
410760,2010,0,Sul
410765,2007,0,Sul
410765,2010,0,Sul
410770,2007,0,Sul
410770,2010,0,Sul
410773,2007,0,Sul
410773,2010,0,Sul
410775,2007,0,Sul
410775,2010,0,Sul
410780,2007,0,Sul
410780,2010,0,Sul
410785,2007,0,Sul
410785,2010,0,Sul
410790,2007,0,Sul
410790,2010,0,Sul
410790,2010,0,Sul
410790,2010,0,Sul
410790,2010,0,Sul
410800,2007,0,Sul
410800,2010,0,Sul
410810,2007,0,Sul
410810,2010,0,Sul
410820,2007,0,Sul
410820,2010,0,Sul
410830,2007,1,Sul
410830,2010,1,Sul
410832,2007,0,Sul
410832,2010,0,Sul
410840,2007,0,Sul
410840,2010,0,Sul
410845,2007,0,Sul
410845,2010,0,Sul
410855,2007,0,Sul
410855,2010,0,Sul
410860,2007,0,Sul
410860,2010,0,Sul
410865,2007,0,Sul
410865,2010,0,Sul
410870,2007,0,Sul
410870,2010,0,Sul
410880,2007,0,Sul
410880,2010,0,Sul
410880,2010,0,Sul
410880,2010,0,Sul
410880,2010,0,Sul
410890,2007,0,Sul
410890,2010,0,Sul
410895,2007,0,Sul
410895,2010,0,Sul
410900,2007,0,Sul
410900,2010,0,Sul
410910,2007,0,Sul
410910,2010,0,Sul
410920,2007,0,Sul
410920,2010,0,Sul
410920,2010,0,Sul
410920,2010,0,Sul
410920,2010,0,Sul
410930,2007,0,Sul
410930,2010,0,Sul
410940,2007,0,Sul
410940,2010,0,Sul
410950,2007,0,Sul
410950,2010,0,Sul
410960,2007,0,Sul
410960,2010,0,Sul
410965,2007,0,Sul
410965,2010,0,Sul
410970,2007,0,Sul
410970,2010,0,Sul
410975,2007,0,Sul
410975,2010,0,Sul
410980,2007,0,Sul
410980,2010,0,Sul
410990,2007,0,Sul
410990,2010,0,Sul
411000,2007,0,Sul
411000,2010,0,Sul
411005,2007,0,Sul
411005,2010,0,Sul
411005,2010,0,Sul
411005,2010,0,Sul
411005,2010,0,Sul
411007,2007,0,Sul
411007,2010,0,Sul
411010,2007,0,Sul
411010,2010,0,Sul
411020,2007,0,Sul
411020,2010,0,Sul
411030,2007,0,Sul
411030,2010,0,Sul
411030,2010,0,Sul
411030,2010,0,Sul
411030,2010,0,Sul
411040,2007,0,Sul
411040,2010,0,Sul
411040,2010,0,Sul
411040,2010,0,Sul
411040,2010,0,Sul
411050,2007,0,Sul
411050,2010,0,Sul
411065,2007,0,Sul
411065,2010,0,Sul
411080,2007,0,Sul
411080,2010,0,Sul
411090,2007,0,Sul
411090,2010,0,Sul
411095,2007,0,Sul
411095,2010,0,Sul
411100,2007,0,Sul
411100,2010,0,Sul
411110,2007,0,Sul
411110,2010,0,Sul
411110,2010,0,Sul
411110,2010,0,Sul
411110,2010,0,Sul
411110,2010,0,Sul
411110,2010,0,Sul
411110,2010,0,Sul
411110,2010,0,Sul
411110,2010,0,Sul
411120,2007,0,Sul
411120,2010,0,Sul
411125,2007,0,Sul
411125,2010,0,Sul
411130,2007,0,Sul
411130,2010,0,Sul
411140,2007,0,Sul
411140,2010,0,Sul
411150,2007,0,Sul
411150,2010,0,Sul
411155,2007,0,Sul
411155,2010,0,Sul
411160,2007,0,Sul
411160,2010,0,Sul
411170,2007,0,Sul
411170,2010,0,Sul
411180,2007,0,Sul
411180,2010,0,Sul
411190,2007,0,Sul
411190,2010,0,Sul
411200,2007,0,Sul
411200,2010,0,Sul
411210,2007,0,Sul
411210,2010,0,Sul
411220,2007,0,Sul
411220,2010,0,Sul
411230,2007,0,Sul
411230,2010,0,Sul
411240,2007,0,Sul
411240,2010,0,Sul
411240,2010,0,Sul
411240,2010,0,Sul
411240,2010,0,Sul
411250,2007,0,Sul
411250,2010,0,Sul
411260,2007,0,Sul
411260,2010,0,Sul
411270,2007,0,Sul
411270,2010,0,Sul
411275,2007,0,Sul
411275,2010,0,Sul
411280,2007,0,Sul
411280,2010,0,Sul
411290,2007,0,Sul
411290,2010,0,Sul
411295,2007,0,Sul
411295,2010,0,Sul
411310,2007,0,Sul
411310,2010,0,Sul
411320,2007,0,Sul
411320,2010,0,Sul
411325,2007,0,Sul
411325,2010,0,Sul
411325,2010,0,Sul
411325,2010,0,Sul
411325,2010,0,Sul
411330,2007,0,Sul
411330,2010,0,Sul
411340,2007,0,Sul
411340,2010,0,Sul
411342,2007,0,Sul
411342,2010,0,Sul
411345,2007,0,Sul
411345,2010,0,Sul
411350,2007,0,Sul
411350,2010,0,Sul
411360,2007,0,Sul
411360,2010,0,Sul
411370,2007,1,Sul
411370,2010,1,Sul
411373,2007,0,Sul
411373,2010,0,Sul
411375,2007,0,Sul
411375,2010,0,Sul
411380,2007,0,Sul
411380,2010,0,Sul
411390,2007,0,Sul
411390,2010,0,Sul
411400,2007,0,Sul
411400,2010,0,Sul
411410,2007,0,Sul
411410,2010,0,Sul
411420,2007,0,Sul
411420,2010,0,Sul
411430,2007,0,Sul
411430,2010,0,Sul
411435,2007,0,Sul
411435,2010,0,Sul
411440,2007,0,Sul
411440,2010,0,Sul
411450,2007,0,Sul
411450,2010,0,Sul
411460,2007,0,Sul
411460,2010,0,Sul
411470,2007,0,Sul
411470,2010,0,Sul
411480,2007,0,Sul
411480,2010,0,Sul
411490,2007,0,Sul
411490,2010,0,Sul
411500,2007,0,Sul
411500,2010,0,Sul
411510,2007,0,Sul
411510,2010,0,Sul
411520,2007,1,Sul
411520,2010,1,Sul
411530,2007,0,Sul
411530,2010,0,Sul
411535,2007,0,Sul
411535,2010,0,Sul
411540,2007,0,Sul
411540,2010,0,Sul
411545,2007,0,Sul
411545,2010,0,Sul
411550,2007,0,Sul
411550,2010,0,Sul
411560,2007,0,Sul
411560,2010,0,Sul
411570,2007,0,Sul
411570,2010,0,Sul
411573,2007,0,Sul
411573,2010,0,Sul
411575,2007,0,Sul
411575,2010,0,Sul
411580,2007,0,Sul
411580,2010,0,Sul
411585,2007,0,Sul
411585,2010,0,Sul
411590,2007,0,Sul
411590,2010,0,Sul
411590,2010,0,Sul
411590,2010,0,Sul
411590,2010,0,Sul
411600,2007,0,Sul
411600,2010,0,Sul
411605,2007,0,Sul
411605,2010,0,Sul
411610,2007,0,Sul
411610,2010,0,Sul
411620,2007,0,Sul
411620,2010,0,Sul
411630,2007,0,Sul
411630,2010,0,Sul
411640,2007,0,Sul
411640,2010,0,Sul
411650,2007,0,Sul
411650,2010,0,Sul
411660,2007,0,Sul
411660,2010,0,Sul
411680,2007,0,Sul
411680,2010,0,Sul
411690,2007,0,Sul
411690,2010,0,Sul
411695,2007,0,Sul
411695,2010,0,Sul
411700,2007,0,Sul
411700,2010,0,Sul
411700,2010,0,Sul
411700,2010,0,Sul
411700,2010,0,Sul
411705,2007,0,Sul
411705,2010,0,Sul
411710,2007,0,Sul
411710,2010,0,Sul
411721,2007,0,Sul
411721,2010,0,Sul
411722,2007,0,Sul
411722,2010,0,Sul
411725,2007,0,Sul
411725,2010,0,Sul
411727,2007,0,Sul
411727,2010,0,Sul
411729,2007,0,Sul
411729,2010,0,Sul
411730,2007,0,Sul
411730,2010,0,Sul
411740,2007,0,Sul
411740,2010,0,Sul
411745,2007,0,Sul
411745,2010,0,Sul
411750,2007,0,Sul
411750,2010,0,Sul
411760,2007,0,Sul
411760,2010,0,Sul
411760,2010,0,Sul
411760,2010,0,Sul
411760,2010,0,Sul
411780,2007,0,Sul
411780,2010,0,Sul
411780,2010,0,Sul
411780,2010,0,Sul
411780,2010,0,Sul
411790,2007,0,Sul
411790,2010,0,Sul
411800,2007,0,Sul
411800,2010,0,Sul
411810,2007,0,Sul
411810,2010,0,Sul
411820,2007,0,Sul
411820,2010,0,Sul
411830,2007,0,Sul
411830,2010,0,Sul
411840,2007,0,Sul
411840,2010,0,Sul
411845,2007,0,Sul
411845,2010,0,Sul
411850,2007,0,Sul
411850,2010,0,Sul
411860,2007,0,Sul
411860,2010,0,Sul
411870,2007,0,Sul
411870,2010,0,Sul
411880,2007,0,Sul
411880,2010,0,Sul
411885,2007,0,Sul
411885,2010,0,Sul
411890,2007,0,Sul
411890,2010,0,Sul
411900,2007,0,Sul
411900,2010,0,Sul
411910,2007,0,Sul
411910,2010,0,Sul
411915,2007,0,Sul
411915,2010,0,Sul
411920,2007,0,Sul
411920,2010,0,Sul
411925,2007,0,Sul
411925,2010,0,Sul
411930,2007,0,Sul
411930,2010,0,Sul
411930,2010,0,Sul
411930,2010,0,Sul
411930,2010,0,Sul
411940,2007,0,Sul
411940,2010,0,Sul
411950,2007,0,Sul
411950,2010,0,Sul
411960,2007,0,Sul
411960,2010,0,Sul
411965,2007,0,Sul
411965,2010,0,Sul
411965,2010,0,Sul
411965,2010,0,Sul
411965,2010,0,Sul
411970,2007,0,Sul
411970,2010,0,Sul
411990,2007,1,Sul
411990,2010,1,Sul
411995,2007,0,Sul
411995,2010,0,Sul
412000,2007,0,Sul
412000,2010,0,Sul
412010,2007,0,Sul
412010,2010,0,Sul
412015,2007,0,Sul
412015,2010,0,Sul
412020,2007,0,Sul
412020,2010,0,Sul
412030,2007,0,Sul
412030,2010,0,Sul
412033,2007,0,Sul
412033,2010,0,Sul
412035,2007,0,Sul
412035,2010,0,Sul
412040,2007,0,Sul
412040,2010,0,Sul
412050,2007,0,Sul
412050,2010,0,Sul
412060,2007,0,Sul
412060,2010,0,Sul
412065,2007,0,Sul
412065,2010,0,Sul
412070,2007,0,Sul
412070,2010,0,Sul
412080,2007,0,Sul
412080,2010,0,Sul
412085,2007,0,Sul
412085,2010,0,Sul
412090,2007,0,Sul
412090,2010,0,Sul
412100,2007,0,Sul
412100,2010,0,Sul
412110,2007,0,Sul
412110,2010,0,Sul
412120,2007,0,Sul
412120,2010,0,Sul
412125,2007,0,Sul
412125,2010,0,Sul
412130,2007,0,Sul
412130,2010,0,Sul
412135,2007,0,Sul
412135,2010,0,Sul
412140,2007,0,Sul
412140,2010,0,Sul
412150,2007,0,Sul
412150,2010,0,Sul
412160,2007,0,Sul
412160,2010,0,Sul
412170,2007,0,Sul
412170,2010,0,Sul
412175,2007,0,Sul
412175,2010,0,Sul
412180,2007,0,Sul
412180,2010,0,Sul
412190,2007,0,Sul
412190,2010,0,Sul
412200,2007,0,Sul
412200,2010,0,Sul
412210,2007,0,Sul
412210,2010,0,Sul
412215,2007,0,Sul
412215,2010,0,Sul
412217,2007,0,Sul
412217,2010,0,Sul
412220,2007,0,Sul
412220,2010,0,Sul
412240,2007,0,Sul
412240,2010,0,Sul
412250,2007,0,Sul
412250,2010,0,Sul
412260,2007,0,Sul
412260,2010,0,Sul
412265,2007,0,Sul
412265,2010,0,Sul
412270,2007,0,Sul
412270,2010,0,Sul
412280,2007,0,Sul
412280,2010,0,Sul
412290,2007,0,Sul
412290,2010,0,Sul
412300,2007,0,Sul
412300,2010,0,Sul
412310,2007,0,Sul
412310,2010,0,Sul
412320,2007,0,Sul
412320,2010,0,Sul
412330,2007,0,Sul
412330,2010,0,Sul
412340,2007,0,Sul
412340,2010,0,Sul
412360,2007,0,Sul
412360,2010,0,Sul
412360,2010,0,Sul
412360,2010,0,Sul
412360,2010,0,Sul
412360,2010,0,Sul
412360,2010,0,Sul
412360,2010,0,Sul
412360,2010,0,Sul
412360,2010,0,Sul
412360,2010,0,Sul
412360,2010,0,Sul
412360,2010,0,Sul
412360,2010,0,Sul
412360,2010,0,Sul
412360,2010,0,Sul
412360,2010,0,Sul
412370,2007,0,Sul
412370,2010,0,Sul
412380,2007,0,Sul
412380,2010,0,Sul
412382,2007,0,Sul
412382,2010,0,Sul
412382,2010,0,Sul
412382,2010,0,Sul
412382,2010,0,Sul
412385,2007,0,Sul
412385,2010,0,Sul
412390,2007,0,Sul
412390,2010,0,Sul
412395,2007,0,Sul
412395,2010,0,Sul
412400,2007,0,Sul
412400,2010,0,Sul
412402,2007,0,Sul
412402,2010,0,Sul
412405,2007,0,Sul
412405,2010,0,Sul
412410,2007,0,Sul
412410,2010,0,Sul
412420,2007,0,Sul
412420,2010,0,Sul
412430,2007,0,Sul
412430,2010,0,Sul
412440,2007,0,Sul
412440,2010,0,Sul
412450,2007,0,Sul
412450,2010,0,Sul
412460,2007,0,Sul
412460,2010,0,Sul
412470,2007,0,Sul
412470,2010,0,Sul
412480,2007,0,Sul
412480,2010,0,Sul
412480,2010,0,Sul
412480,2010,0,Sul
412480,2010,0,Sul
412490,2007,0,Sul
412490,2010,0,Sul
412500,2007,0,Sul
412500,2010,0,Sul
412510,2007,0,Sul
412510,2010,0,Sul
412520,2007,0,Sul
412520,2010,0,Sul
412530,2007,0,Sul
412530,2010,0,Sul
412535,2007,0,Sul
412535,2010,0,Sul
412540,2007,0,Sul
412540,2010,0,Sul
412545,2007,0,Sul
412545,2010,0,Sul
412550,2007,1,Sul
412550,2010,1,Sul
412555,2007,0,Sul
412555,2010,0,Sul
412560,2007,0,Sul
412560,2010,0,Sul
412570,2007,0,Sul
412570,2010,0,Sul
412575,2007,0,Sul
412575,2010,0,Sul
412580,2007,0,Sul
412580,2010,0,Sul
412590,2007,0,Sul
412590,2010,0,Sul
412600,2007,0,Sul
412600,2010,0,Sul
412610,2007,0,Sul
412610,2010,0,Sul
412610,2010,0,Sul
412610,2010,0,Sul
412610,2010,0,Sul
412620,2007,0,Sul
412620,2010,0,Sul
412627,2007,0,Sul
412627,2010,0,Sul
412630,2007,0,Sul
412630,2010,0,Sul
412635,2007,0,Sul
412635,2010,0,Sul
412640,2007,0,Sul
412640,2010,0,Sul
412650,2007,0,Sul
412650,2010,0,Sul
412660,2007,0,Sul
412660,2010,0,Sul
412665,2007,0,Sul
412665,2010,0,Sul
412667,2007,0,Sul
412667,2010,0,Sul
412670,2007,0,Sul
412670,2010,0,Sul
412690,2007,0,Sul
412690,2010,0,Sul
412690,2010,0,Sul
412690,2010,0,Sul
412690,2010,0,Sul
412700,2007,0,Sul
412700,2010,0,Sul
412710,2007,0,Sul
412710,2010,0,Sul
412720,2007,0,Sul
412720,2010,0,Sul
412730,2007,0,Sul
412730,2010,0,Sul
412740,2007,0,Sul
412740,2010,0,Sul
412740,2010,0,Sul
412740,2010,0,Sul
412740,2010,0,Sul
412750,2007,0,Sul
412750,2010,0,Sul
412760,2007,0,Sul
412760,2010,0,Sul
412770,2007,0,Sul
412770,2010,0,Sul
412770,2010,0,Sul
412770,2010,0,Sul
412770,2010,0,Sul
412780,2007,0,Sul
412780,2010,0,Sul
412785,2007,0,Sul
412785,2010,0,Sul
412788,2007,0,Sul
412788,2010,0,Sul
412790,2007,0,Sul
412790,2010,0,Sul
412795,2007,0,Sul
412795,2010,0,Sul
412800,2007,0,Sul
412800,2010,0,Sul
412810,2007,0,Sul
412810,2010,0,Sul
412820,2007,0,Sul
412820,2010,0,Sul
412830,2007,0,Sul
412830,2010,0,Sul
412840,2007,0,Sul
412840,2010,0,Sul
412850,2007,0,Sul
412850,2010,0,Sul
412850,2010,0,Sul
412850,2010,0,Sul
412850,2010,0,Sul
412853,2007,0,Sul
412853,2010,0,Sul
412855,2007,0,Sul
412855,2010,0,Sul
412860,2007,0,Sul
412860,2010,0,Sul
412862,2007,0,Sul
412862,2010,0,Sul
412862,2010,0,Sul
412862,2010,0,Sul
412862,2010,0,Sul
412863,2007,0,Sul
412863,2010,0,Sul
412865,2007,0,Sul
412865,2010,0,Sul
412870,2007,0,Sul
412870,2010,0,Sul
412880,2007,0,Sul
412880,2010,0,Sul
420005,2007,0,Sul
420005,2010,0,Sul
420010,2007,0,Sul
420010,2010,0,Sul
420020,2007,0,Sul
420020,2010,0,Sul
420030,2007,0,Sul
420030,2010,0,Sul
420040,2007,0,Sul
420040,2010,0,Sul
420050,2007,0,Sul
420050,2010,0,Sul
420055,2007,0,Sul
420055,2010,0,Sul
420060,2007,0,Sul
420060,2010,0,Sul
420070,2007,0,Sul
420070,2010,0,Sul
420075,2007,0,Sul
420075,2010,0,Sul
420080,2007,0,Sul
420080,2010,0,Sul
420080,2010,0,Sul
420080,2010,0,Sul
420080,2010,0,Sul
420090,2007,0,Sul
420090,2010,0,Sul
420100,2007,0,Sul
420100,2010,0,Sul
420110,2007,0,Sul
420110,2010,0,Sul
420120,2007,0,Sul
420120,2010,0,Sul
420120,2010,0,Sul
420120,2010,0,Sul
420120,2010,0,Sul
420125,2007,0,Sul
420125,2010,0,Sul
420127,2007,0,Sul
420127,2010,0,Sul
420130,2007,0,Sul
420130,2010,0,Sul
420140,2007,0,Sul
420140,2010,0,Sul
420150,2007,0,Sul
420150,2010,0,Sul
420160,2007,0,Sul
420160,2010,0,Sul
420165,2007,0,Sul
420165,2010,0,Sul
420170,2007,0,Sul
420170,2010,0,Sul
420180,2007,0,Sul
420180,2010,0,Sul
420190,2007,0,Sul
420190,2010,0,Sul
420190,2010,0,Sul
420190,2010,0,Sul
420190,2010,0,Sul
420195,2007,0,Sul
420195,2010,0,Sul
420200,2007,0,Sul
420200,2010,0,Sul
420205,2007,0,Sul
420205,2010,0,Sul
420207,2007,0,Sul
420207,2010,0,Sul
420208,2007,0,Sul
420208,2010,0,Sul
420209,2007,0,Sul
420209,2010,0,Sul
420209,2010,0,Sul
420209,2010,0,Sul
420209,2010,0,Sul
420210,2007,0,Sul
420210,2010,0,Sul
420213,2007,0,Sul
420213,2010,0,Sul
420215,2007,0,Sul
420215,2010,0,Sul
420215,2010,0,Sul
420215,2010,0,Sul
420215,2010,0,Sul
420220,2007,0,Sul
420220,2010,0,Sul
420230,2007,0,Sul
420230,2010,0,Sul
420240,2007,1,Sul
420240,2010,1,Sul
420243,2007,0,Sul
420243,2010,0,Sul
420245,2007,0,Sul
420245,2010,0,Sul
420250,2007,0,Sul
420250,2010,0,Sul
420257,2007,0,Sul
420257,2010,0,Sul
420260,2007,0,Sul
420260,2010,0,Sul
420270,2007,0,Sul
420270,2010,0,Sul
420280,2007,0,Sul
420280,2010,0,Sul
420285,2007,0,Sul
420285,2010,0,Sul
420287,2007,0,Sul
420287,2010,0,Sul
420290,2007,0,Sul
420290,2010,0,Sul
420300,2007,0,Sul
420300,2010,0,Sul
420310,2007,0,Sul
420310,2010,0,Sul
420315,2007,0,Sul
420315,2010,0,Sul
420320,2007,0,Sul
420320,2010,0,Sul
420325,2007,0,Sul
420325,2010,0,Sul
420330,2007,0,Sul
420330,2010,0,Sul
420330,2010,0,Sul
420330,2010,0,Sul
420330,2010,0,Sul
420340,2007,0,Sul
420340,2010,0,Sul
420350,2007,0,Sul
420350,2010,0,Sul
420360,2007,0,Sul
420360,2010,0,Sul
420370,2007,0,Sul
420370,2010,0,Sul
420380,2007,0,Sul
420380,2010,0,Sul
420390,2007,0,Sul
420390,2010,0,Sul
420395,2007,0,Sul
420395,2010,0,Sul
420400,2007,0,Sul
420400,2010,0,Sul
420400,2010,0,Sul
420400,2010,0,Sul
420400,2010,0,Sul
420410,2007,0,Sul
420410,2010,0,Sul
420415,2007,0,Sul
420415,2010,0,Sul
420417,2007,0,Sul
420417,2010,0,Sul
420419,2007,0,Sul
420419,2010,0,Sul
420420,2007,0,Sul
420420,2010,0,Sul
420425,2007,0,Sul
420425,2010,0,Sul
420430,2007,0,Sul
420430,2010,0,Sul
420435,2007,0,Sul
420435,2010,0,Sul
420440,2007,0,Sul
420440,2010,0,Sul
420445,2007,0,Sul
420445,2010,0,Sul
420450,2007,0,Sul
420450,2010,0,Sul
420455,2007,0,Sul
420455,2010,0,Sul
420460,2007,0,Sul
420460,2010,0,Sul
420470,2007,0,Sul
420470,2010,0,Sul
420475,2007,0,Sul
420475,2010,0,Sul
420480,2007,0,Sul
420480,2010,0,Sul
420490,2007,0,Sul
420490,2010,0,Sul
420500,2007,0,Sul
420500,2010,0,Sul
420510,2007,0,Sul
420510,2010,0,Sul
420515,2007,0,Sul
420515,2010,0,Sul
420517,2007,0,Sul
420517,2010,0,Sul
420517,2010,0,Sul
420517,2010,0,Sul
420517,2010,0,Sul
420519,2007,0,Sul
420519,2010,0,Sul
420520,2007,0,Sul
420520,2010,0,Sul
420530,2007,0,Sul
420530,2010,0,Sul
420535,2007,0,Sul
420535,2010,0,Sul
420540,2007,1,Sul
420540,2010,1,Sul
420543,2007,0,Sul
420543,2010,0,Sul
420545,2007,0,Sul
420545,2010,0,Sul
420550,2007,0,Sul
420550,2010,0,Sul
420555,2007,0,Sul
420555,2010,0,Sul
420560,2007,0,Sul
420560,2010,0,Sul
420570,2007,0,Sul
420570,2010,0,Sul
420580,2007,0,Sul
420580,2010,0,Sul
420590,2007,0,Sul
420590,2010,0,Sul
420600,2007,0,Sul
420600,2010,0,Sul
420610,2007,0,Sul
420610,2010,0,Sul
420620,2007,0,Sul
420620,2010,0,Sul
420630,2007,0,Sul
420630,2010,0,Sul
420640,2007,0,Sul
420640,2010,0,Sul
420640,2010,0,Sul
420640,2010,0,Sul
420640,2010,0,Sul
420650,2007,0,Sul
420650,2010,0,Sul
420660,2007,0,Sul
420660,2010,0,Sul
420665,2007,0,Sul
420665,2010,0,Sul
420670,2007,0,Sul
420670,2010,0,Sul
420675,2007,0,Sul
420675,2010,0,Sul
420680,2007,0,Sul
420680,2010,0,Sul
420690,2007,0,Sul
420690,2010,0,Sul
420700,2007,0,Sul
420700,2010,0,Sul
420710,2007,0,Sul
420710,2010,0,Sul
420720,2007,0,Sul
420720,2010,0,Sul
420730,2007,0,Sul
420730,2010,0,Sul
420740,2007,0,Sul
420740,2010,0,Sul
420750,2007,0,Sul
420750,2010,0,Sul
420757,2007,0,Sul
420757,2010,0,Sul
420760,2007,0,Sul
420760,2010,0,Sul
420760,2010,0,Sul
420760,2010,0,Sul
420760,2010,0,Sul
420765,2007,0,Sul
420765,2010,0,Sul
420768,2007,0,Sul
420768,2010,0,Sul
420770,2007,0,Sul
420770,2010,0,Sul
420775,2007,0,Sul
420775,2010,0,Sul
420780,2007,0,Sul
420780,2010,0,Sul
420785,2007,0,Sul
420785,2010,0,Sul
420785,2010,0,Sul
420785,2010,0,Sul
420785,2010,0,Sul
420790,2007,0,Sul
420790,2010,0,Sul
420800,2007,0,Sul
420800,2010,0,Sul
420810,2007,0,Sul
420810,2010,0,Sul
420820,2007,0,Sul
420820,2010,0,Sul
420830,2007,0,Sul
420830,2010,0,Sul
420840,2007,0,Sul
420840,2010,0,Sul
420840,2010,0,Sul
420840,2010,0,Sul
420840,2010,0,Sul
420845,2007,0,Sul
420845,2010,0,Sul
420850,2007,0,Sul
420850,2010,0,Sul
420860,2007,0,Sul
420860,2010,0,Sul
420870,2007,0,Sul
420870,2010,0,Sul
420880,2007,0,Sul
420880,2010,0,Sul
420890,2007,0,Sul
420890,2010,0,Sul
420895,2007,0,Sul
420895,2010,0,Sul
420895,2010,0,Sul
420895,2010,0,Sul
420895,2010,0,Sul
420900,2007,0,Sul
420900,2010,0,Sul
420910,2007,1,Sul
420910,2010,1,Sul
420915,2007,0,Sul
420915,2010,0,Sul
420917,2007,0,Sul
420917,2010,0,Sul
420920,2007,0,Sul
420920,2010,0,Sul
420930,2007,0,Sul
420930,2010,0,Sul
420940,2007,0,Sul
420940,2010,0,Sul
420945,2007,0,Sul
420945,2010,0,Sul
420950,2007,0,Sul
420950,2010,0,Sul
420960,2007,0,Sul
420960,2010,0,Sul
420970,2007,0,Sul
420970,2010,0,Sul
420980,2007,0,Sul
420980,2010,0,Sul
420985,2007,0,Sul
420985,2010,0,Sul
420990,2007,0,Sul
420990,2010,0,Sul
421000,2007,0,Sul
421000,2010,0,Sul
421003,2007,0,Sul
421003,2010,0,Sul
421005,2007,0,Sul
421005,2010,0,Sul
421010,2007,0,Sul
421010,2010,0,Sul
421020,2007,0,Sul
421020,2010,0,Sul
421030,2007,0,Sul
421030,2010,0,Sul
421040,2007,0,Sul
421040,2010,0,Sul
421050,2007,0,Sul
421050,2010,0,Sul
421050,2010,0,Sul
421050,2010,0,Sul
421050,2010,0,Sul
421055,2007,0,Sul
421055,2010,0,Sul
421060,2007,0,Sul
421060,2010,0,Sul
421060,2010,0,Sul
421060,2010,0,Sul
421060,2010,0,Sul
421070,2007,0,Sul
421070,2010,0,Sul
421080,2007,0,Sul
421080,2010,0,Sul
421085,2007,0,Sul
421085,2010,0,Sul
421090,2007,0,Sul
421090,2010,0,Sul
421100,2007,0,Sul
421100,2010,0,Sul
421105,2007,0,Sul
421105,2010,0,Sul
421110,2007,0,Sul
421110,2010,0,Sul
421110,2010,0,Sul
421110,2010,0,Sul
421110,2010,0,Sul
421120,2007,0,Sul
421120,2010,0,Sul
421125,2007,0,Sul
421125,2010,0,Sul
421130,2007,0,Sul
421130,2010,0,Sul
421140,2007,0,Sul
421140,2010,0,Sul
421145,2007,0,Sul
421145,2010,0,Sul
421150,2007,0,Sul
421150,2010,0,Sul
421165,2007,0,Sul
421165,2010,0,Sul
421165,2010,0,Sul
421165,2010,0,Sul
421165,2010,0,Sul
421165,2010,0,Sul
421165,2010,0,Sul
421165,2010,0,Sul
421165,2010,0,Sul
421165,2010,0,Sul
421170,2007,0,Sul
421170,2010,0,Sul
421175,2007,0,Sul
421175,2010,0,Sul
421180,2007,0,Sul
421180,2010,0,Sul
421185,2007,0,Sul
421185,2010,0,Sul
421185,2010,0,Sul
421185,2010,0,Sul
421185,2010,0,Sul
421187,2007,0,Sul
421187,2010,0,Sul
421189,2007,0,Sul
421189,2010,0,Sul
421190,2007,0,Sul
421190,2010,0,Sul
421200,2007,0,Sul
421200,2010,0,Sul
421205,2007,0,Sul
421205,2010,0,Sul
421205,2010,0,Sul
421205,2010,0,Sul
421205,2010,0,Sul
421210,2007,0,Sul
421210,2010,0,Sul
421220,2007,0,Sul
421220,2010,0,Sul
421223,2007,0,Sul
421223,2010,0,Sul
421223,2010,0,Sul
421223,2010,0,Sul
421223,2010,0,Sul
421225,2007,0,Sul
421225,2010,0,Sul
421227,2007,0,Sul
421227,2010,0,Sul
421230,2007,0,Sul
421230,2010,0,Sul
421240,2007,0,Sul
421240,2010,0,Sul
421250,2007,0,Sul
421250,2010,0,Sul
421260,2007,0,Sul
421260,2010,0,Sul
421270,2007,0,Sul
421270,2010,0,Sul
421270,2010,0,Sul
421270,2010,0,Sul
421270,2010,0,Sul
421280,2007,0,Sul
421280,2010,0,Sul
421290,2007,0,Sul
421290,2010,0,Sul
421290,2010,0,Sul
421290,2010,0,Sul
421290,2010,0,Sul
421300,2007,0,Sul
421300,2010,0,Sul
421310,2007,0,Sul
421310,2010,0,Sul
421315,2007,0,Sul
421315,2010,0,Sul
421320,2007,0,Sul
421320,2010,0,Sul
421330,2007,0,Sul
421330,2010,0,Sul
421335,2007,0,Sul
421335,2010,0,Sul
421340,2007,0,Sul
421340,2010,0,Sul
421350,2007,0,Sul
421350,2010,0,Sul
421360,2007,0,Sul
421360,2010,0,Sul
421370,2007,0,Sul
421370,2010,0,Sul
421380,2007,1,Sul
421380,2010,1,Sul
421380,2010,1,Sul
421380,2010,1,Sul
421380,2010,1,Sul
421390,2007,0,Sul
421390,2010,0,Sul
421400,2007,0,Sul
421400,2010,0,Sul
421410,2007,0,Sul
421410,2010,0,Sul
421415,2007,0,Sul
421415,2010,0,Sul
421420,2007,0,Sul
421420,2010,0,Sul
421430,2007,0,Sul
421430,2010,0,Sul
421440,2007,0,Sul
421440,2010,0,Sul
421450,2007,0,Sul
421450,2010,0,Sul
421460,2007,0,Sul
421460,2010,0,Sul
421470,2007,0,Sul
421470,2010,0,Sul
421480,2007,0,Sul
421480,2010,0,Sul
421490,2007,0,Sul
421490,2010,0,Sul
421500,2007,0,Sul
421500,2010,0,Sul
421505,2007,0,Sul
421505,2010,0,Sul
421507,2007,0,Sul
421507,2010,0,Sul
421510,2007,0,Sul
421510,2010,0,Sul
421520,2007,0,Sul
421520,2010,0,Sul
421530,2007,0,Sul
421530,2010,0,Sul
421535,2007,0,Sul
421535,2010,0,Sul
421535,2010,0,Sul
421535,2010,0,Sul
421535,2010,0,Sul
421540,2007,0,Sul
421540,2010,0,Sul
421545,2007,0,Sul
421545,2010,0,Sul
421550,2007,0,Sul
421550,2010,0,Sul
421550,2010,0,Sul
421550,2010,0,Sul
421550,2010,0,Sul
421555,2007,0,Sul
421555,2010,0,Sul
421555,2010,0,Sul
421555,2010,0,Sul
421555,2010,0,Sul
421555,2010,0,Sul
421555,2010,0,Sul
421555,2010,0,Sul
421555,2010,0,Sul
421555,2010,0,Sul
421555,2010,0,Sul
421555,2010,0,Sul
421555,2010,0,Sul
421555,2010,0,Sul
421555,2010,0,Sul
421555,2010,0,Sul
421555,2010,0,Sul
421560,2007,0,Sul
421560,2010,0,Sul
421560,2010,0,Sul
421560,2010,0,Sul
421560,2010,0,Sul
421565,2007,0,Sul
421565,2010,0,Sul
421568,2007,0,Sul
421568,2010,0,Sul
421569,2007,0,Sul
421569,2010,0,Sul
421570,2007,0,Sul
421570,2010,0,Sul
421575,2007,0,Sul
421575,2010,0,Sul
421580,2007,0,Sul
421580,2010,0,Sul
421590,2007,0,Sul
421590,2010,0,Sul
421600,2007,0,Sul
421600,2010,0,Sul
421600,2010,0,Sul
421600,2010,0,Sul
421600,2010,0,Sul
421605,2007,0,Sul
421605,2010,0,Sul
421620,2007,0,Sul
421620,2010,0,Sul
421625,2007,0,Sul
421625,2010,0,Sul
421630,2007,0,Sul
421630,2010,0,Sul
421630,2010,0,Sul
421630,2010,0,Sul
421630,2010,0,Sul
421635,2007,0,Sul
421635,2010,0,Sul
421640,2007,0,Sul
421640,2010,0,Sul
421650,2007,0,Sul
421650,2010,0,Sul
421660,2007,0,Sul
421660,2010,0,Sul
421670,2007,0,Sul
421670,2010,0,Sul
421680,2007,0,Sul
421680,2010,0,Sul
421690,2007,0,Sul
421690,2010,0,Sul
421700,2007,0,Sul
421700,2010,0,Sul
421715,2007,0,Sul
421715,2010,0,Sul
421720,2007,0,Sul
421720,2010,0,Sul
421725,2007,0,Sul
421725,2010,0,Sul
421730,2007,0,Sul
421730,2010,0,Sul
421740,2007,0,Sul
421740,2010,0,Sul
421750,2007,0,Sul
421750,2010,0,Sul
421755,2007,0,Sul
421755,2010,0,Sul
421760,2007,0,Sul
421760,2010,0,Sul
421770,2007,0,Sul
421770,2010,0,Sul
421775,2007,0,Sul
421775,2010,0,Sul
421780,2007,0,Sul
421780,2010,0,Sul
421790,2007,0,Sul
421790,2010,0,Sul
421790,2010,0,Sul
421790,2010,0,Sul
421790,2010,0,Sul
421795,2007,0,Sul
421795,2010,0,Sul
421800,2007,0,Sul
421800,2010,0,Sul
421810,2007,0,Sul
421810,2010,0,Sul
421820,2007,0,Sul
421820,2010,0,Sul
421825,2007,0,Sul
421825,2010,0,Sul
421830,2007,0,Sul
421830,2010,0,Sul
421835,2007,0,Sul
421835,2010,0,Sul
421840,2007,0,Sul
421840,2010,0,Sul
421850,2007,0,Sul
421850,2010,0,Sul
421860,2007,0,Sul
421860,2010,0,Sul
421870,2007,0,Sul
421870,2010,0,Sul
421875,2007,0,Sul
421875,2010,0,Sul
421880,2007,0,Sul
421880,2010,0,Sul
421880,2010,0,Sul
421880,2010,0,Sul
421880,2010,0,Sul
421885,2007,0,Sul
421885,2010,0,Sul
421890,2007,0,Sul
421890,2010,0,Sul
421895,2007,0,Sul
421895,2010,0,Sul
421900,2007,0,Sul
421900,2010,0,Sul
421910,2007,0,Sul
421910,2010,0,Sul
421915,2007,0,Sul
421915,2010,0,Sul
421915,2010,0,Sul
421915,2010,0,Sul
421915,2010,0,Sul
421917,2007,0,Sul
421917,2010,0,Sul
421917,2010,0,Sul
421917,2010,0,Sul
421917,2010,0,Sul
421920,2007,0,Sul
421920,2010,0,Sul
421930,2007,0,Sul
421930,2010,0,Sul
421935,2007,0,Sul
421935,2010,0,Sul
421940,2007,0,Sul
421940,2010,0,Sul
421950,2007,0,Sul
421950,2010,0,Sul
421960,2007,0,Sul
421960,2010,0,Sul
421970,2007,0,Sul
421970,2010,0,Sul
421985,2007,0,Sul
421985,2010,0,Sul
430003,2007,0,Sul
430003,2010,0,Sul
430005,2007,0,Sul
430005,2010,0,Sul
430010,2007,0,Sul
430010,2010,0,Sul
430020,2007,0,Sul
430020,2010,0,Sul
430030,2007,0,Sul
430030,2010,0,Sul
430040,2007,0,Sul
430040,2010,0,Sul
430045,2007,0,Sul
430045,2010,0,Sul
430047,2007,0,Sul
430047,2010,0,Sul
430050,2007,0,Sul
430050,2010,0,Sul
430055,2007,0,Sul
430055,2010,0,Sul
430055,2010,0,Sul
430055,2010,0,Sul
430055,2010,0,Sul
430055,2010,0,Sul
430055,2010,0,Sul
430055,2010,0,Sul
430055,2010,0,Sul
430055,2010,0,Sul
430057,2007,0,Sul
430057,2010,0,Sul
430060,2007,0,Sul
430060,2010,0,Sul
430060,2010,0,Sul
430060,2010,0,Sul
430060,2010,0,Sul
430063,2007,0,Sul
430063,2010,0,Sul
430064,2007,0,Sul
430064,2010,0,Sul
430066,2007,0,Sul
430066,2010,0,Sul
430070,2007,0,Sul
430070,2010,0,Sul
430080,2007,0,Sul
430080,2010,0,Sul
430085,2007,0,Sul
430085,2010,0,Sul
430087,2007,0,Sul
430087,2010,0,Sul
430090,2007,0,Sul
430090,2010,0,Sul
430100,2007,0,Sul
430100,2010,0,Sul
430105,2007,0,Sul
430105,2010,0,Sul
430107,2007,0,Sul
430107,2010,0,Sul
430110,2007,0,Sul
430110,2010,0,Sul
430120,2007,0,Sul
430120,2010,0,Sul
430130,2007,0,Sul
430130,2010,0,Sul
430140,2007,0,Sul
430140,2010,0,Sul
430150,2007,0,Sul
430150,2010,0,Sul
430155,2007,0,Sul
430155,2010,0,Sul
430160,2007,0,Sul
430160,2010,0,Sul
430163,2007,0,Sul
430163,2010,0,Sul
430165,2007,0,Sul
430165,2010,0,Sul
430170,2007,0,Sul
430170,2010,0,Sul
430175,2007,0,Sul
430175,2010,0,Sul
430180,2007,0,Sul
430180,2010,0,Sul
430180,2010,0,Sul
430180,2010,0,Sul
430180,2010,0,Sul
430185,2007,0,Sul
430185,2010,0,Sul
430187,2007,0,Sul
430187,2010,0,Sul
430190,2007,0,Sul
430190,2010,0,Sul
430192,2007,0,Sul
430192,2010,0,Sul
430195,2007,0,Sul
430195,2010,0,Sul
430200,2007,0,Sul
430200,2010,0,Sul
430205,2007,0,Sul
430205,2010,0,Sul
430210,2007,0,Sul
430210,2010,0,Sul
430215,2007,0,Sul
430215,2010,0,Sul
430220,2007,0,Sul
430220,2010,0,Sul
430222,2007,0,Sul
430222,2010,0,Sul
430223,2007,0,Sul
430223,2010,0,Sul
430225,2007,0,Sul
430225,2010,0,Sul
430230,2007,0,Sul
430230,2010,0,Sul
430230,2010,0,Sul
430230,2010,0,Sul
430230,2010,0,Sul
430230,2010,0,Sul
430230,2010,0,Sul
430230,2010,0,Sul
430230,2010,0,Sul
430230,2010,0,Sul
430230,2010,0,Sul
430230,2010,0,Sul
430230,2010,0,Sul
430230,2010,0,Sul
430230,2010,0,Sul
430230,2010,0,Sul
430230,2010,0,Sul
430230,2010,0,Sul
430230,2010,0,Sul
430230,2010,0,Sul
430230,2010,0,Sul
430230,2010,0,Sul
430230,2010,0,Sul
430230,2010,0,Sul
430230,2010,0,Sul
430230,2010,0,Sul
430235,2007,0,Sul
430235,2010,0,Sul
430237,2007,0,Sul
430237,2010,0,Sul
430240,2007,0,Sul
430240,2010,0,Sul
430245,2007,0,Sul
430245,2010,0,Sul
430250,2007,0,Sul
430250,2010,0,Sul
430258,2007,0,Sul
430258,2010,0,Sul
430260,2007,0,Sul
430260,2010,0,Sul
430265,2007,0,Sul
430265,2010,0,Sul
430270,2007,0,Sul
430270,2010,0,Sul
430280,2007,0,Sul
430280,2010,0,Sul
430290,2007,0,Sul
430290,2010,0,Sul
430300,2007,0,Sul
430300,2010,0,Sul
430310,2007,0,Sul
430310,2010,0,Sul
430310,2010,0,Sul
430310,2010,0,Sul
430310,2010,0,Sul
430310,2010,0,Sul
430310,2010,0,Sul
430310,2010,0,Sul
430310,2010,0,Sul
430310,2010,0,Sul
430320,2007,0,Sul
430320,2010,0,Sul
430330,2007,0,Sul
430330,2010,0,Sul
430340,2007,0,Sul
430340,2010,0,Sul
430340,2010,0,Sul
430340,2010,0,Sul
430340,2010,0,Sul
430350,2007,0,Sul
430350,2010,0,Sul
430355,2007,0,Sul
430355,2010,0,Sul
430360,2007,0,Sul
430360,2010,0,Sul
430367,2007,0,Sul
430367,2010,0,Sul
430370,2007,0,Sul
430370,2010,0,Sul
430380,2007,0,Sul
430380,2010,0,Sul
430390,2007,0,Sul
430390,2010,0,Sul
430400,2007,0,Sul
430400,2010,0,Sul
430410,2007,0,Sul
430410,2010,0,Sul
430420,2007,0,Sul
430420,2010,0,Sul
430430,2007,0,Sul
430430,2010,0,Sul
430435,2007,0,Sul
430435,2010,0,Sul
430440,2007,0,Sul
430440,2010,0,Sul
430450,2007,0,Sul
430450,2010,0,Sul
430460,2007,1,Sul
430460,2010,1,Sul
430461,2007,0,Sul
430461,2010,0,Sul
430462,2007,0,Sul
430462,2010,0,Sul
430463,2007,0,Sul
430463,2010,0,Sul
430465,2007,0,Sul
430465,2010,0,Sul
430466,2007,0,Sul
430466,2010,0,Sul
430467,2007,0,Sul
430467,2010,0,Sul
430468,2007,0,Sul
430468,2010,0,Sul
430469,2007,0,Sul
430469,2010,0,Sul
430470,2007,0,Sul
430470,2010,0,Sul
430471,2007,0,Sul
430471,2010,0,Sul
430480,2007,0,Sul
430480,2010,0,Sul
430485,2007,0,Sul
430485,2010,0,Sul
430490,2007,0,Sul
430490,2010,0,Sul
430495,2007,0,Sul
430495,2010,0,Sul
430500,2007,0,Sul
430500,2010,0,Sul
430510,2007,1,Sul
430510,2010,1,Sul
430511,2007,0,Sul
430511,2010,0,Sul
430511,2010,0,Sul
430511,2010,0,Sul
430511,2010,0,Sul
430512,2007,0,Sul
430512,2010,0,Sul
430513,2007,0,Sul
430513,2010,0,Sul
430515,2007,0,Sul
430515,2010,0,Sul
430517,2007,0,Sul
430517,2010,0,Sul
430520,2007,0,Sul
430520,2010,0,Sul
430530,2007,0,Sul
430530,2010,0,Sul
430535,2007,0,Sul
430535,2010,0,Sul
430537,2007,0,Sul
430537,2010,0,Sul
430540,2007,0,Sul
430540,2010,0,Sul
430543,2007,0,Sul
430543,2010,0,Sul
430544,2007,0,Sul
430544,2010,0,Sul
430545,2007,0,Sul
430545,2010,0,Sul
430550,2007,0,Sul
430550,2010,0,Sul
430558,2007,0,Sul
430558,2010,0,Sul
430558,2010,0,Sul
430558,2010,0,Sul
430558,2010,0,Sul
430560,2007,0,Sul
430560,2010,0,Sul
430560,2010,0,Sul
430560,2010,0,Sul
430560,2010,0,Sul
430570,2007,0,Sul
430570,2010,0,Sul
430580,2007,0,Sul
430580,2010,0,Sul
430583,2007,0,Sul
430583,2010,0,Sul
430585,2007,0,Sul
430585,2010,0,Sul
430587,2007,0,Sul
430587,2010,0,Sul
430590,2007,0,Sul
430590,2010,0,Sul
430593,2007,0,Sul
430593,2010,0,Sul
430595,2007,0,Sul
430595,2010,0,Sul
430597,2007,0,Sul
430597,2010,0,Sul
430600,2007,0,Sul
430600,2010,0,Sul
430605,2007,0,Sul
430605,2010,0,Sul
430607,2007,0,Sul
430607,2010,0,Sul
430610,2007,0,Sul
430610,2010,0,Sul
430613,2007,0,Sul
430613,2010,0,Sul
430620,2007,0,Sul
430620,2010,0,Sul
430620,2010,0,Sul
430620,2010,0,Sul
430620,2010,0,Sul
430620,2010,0,Sul
430620,2010,0,Sul
430620,2010,0,Sul
430620,2010,0,Sul
430620,2010,0,Sul
430630,2007,0,Sul
430630,2010,0,Sul
430632,2007,0,Sul
430632,2010,0,Sul
430635,2007,0,Sul
430635,2010,0,Sul
430637,2007,0,Sul
430637,2010,0,Sul
430640,2007,0,Sul
430640,2010,0,Sul
430642,2007,0,Sul
430642,2010,0,Sul
430645,2007,0,Sul
430645,2010,0,Sul
430650,2007,0,Sul
430650,2010,0,Sul
430655,2007,0,Sul
430655,2010,0,Sul
430660,2007,0,Sul
430660,2010,0,Sul
430670,2007,0,Sul
430670,2010,0,Sul
430673,2007,0,Sul
430673,2010,0,Sul
430675,2007,0,Sul
430675,2010,0,Sul
430676,2007,0,Sul
430676,2010,0,Sul
430680,2007,0,Sul
430680,2010,0,Sul
430690,2007,0,Sul
430690,2010,0,Sul
430692,2007,0,Sul
430692,2010,0,Sul
430693,2007,0,Sul
430693,2010,0,Sul
430695,2007,0,Sul
430695,2010,0,Sul
430697,2007,0,Sul
430697,2010,0,Sul
430700,2007,0,Sul
430700,2010,0,Sul
430705,2007,0,Sul
430705,2010,0,Sul
430710,2007,0,Sul
430710,2010,0,Sul
430720,2007,0,Sul
430720,2010,0,Sul
430730,2007,0,Sul
430730,2010,0,Sul
430740,2007,0,Sul
430740,2010,0,Sul
430745,2007,0,Sul
430745,2010,0,Sul
430750,2007,0,Sul
430750,2010,0,Sul
430755,2007,0,Sul
430755,2010,0,Sul
430760,2007,0,Sul
430760,2010,0,Sul
430770,2007,0,Sul
430770,2010,0,Sul
430780,2007,0,Sul
430780,2010,0,Sul
430781,2007,0,Sul
430781,2010,0,Sul
430783,2007,0,Sul
430783,2010,0,Sul
430786,2007,0,Sul
430786,2010,0,Sul
430790,2007,0,Sul
430790,2010,0,Sul
430800,2007,0,Sul
430800,2010,0,Sul
430805,2007,0,Sul
430805,2010,0,Sul
430807,2007,0,Sul
430807,2010,0,Sul
430810,2007,0,Sul
430810,2010,0,Sul
430820,2007,0,Sul
430820,2010,0,Sul
430825,2007,0,Sul
430825,2010,0,Sul
430830,2007,0,Sul
430830,2010,0,Sul
430840,2007,0,Sul
430840,2010,0,Sul
430843,2007,0,Sul
430843,2010,0,Sul
430845,2007,0,Sul
430845,2010,0,Sul
430850,2007,0,Sul
430850,2010,0,Sul
430860,2007,0,Sul
430860,2010,0,Sul
430865,2007,0,Sul
430865,2010,0,Sul
430870,2007,0,Sul
430870,2010,0,Sul
430880,2007,0,Sul
430880,2010,0,Sul
430885,2007,0,Sul
430885,2010,0,Sul
430890,2007,0,Sul
430890,2010,0,Sul
430900,2007,0,Sul
430900,2010,0,Sul
430905,2007,0,Sul
430905,2010,0,Sul
430910,2007,0,Sul
430910,2010,0,Sul
430912,2007,0,Sul
430912,2010,0,Sul
430915,2007,0,Sul
430915,2010,0,Sul
430920,2007,1,Sul
430920,2010,1,Sul
430925,2007,0,Sul
430925,2010,0,Sul
430930,2007,0,Sul
430930,2010,0,Sul
430940,2007,0,Sul
430940,2010,0,Sul
430950,2007,0,Sul
430950,2010,0,Sul
430955,2007,0,Sul
430955,2010,0,Sul
430957,2007,0,Sul
430957,2010,0,Sul
430960,2007,0,Sul
430960,2010,0,Sul
430965,2007,0,Sul
430965,2010,0,Sul
430970,2007,0,Sul
430970,2010,0,Sul
430970,2010,0,Sul
430970,2010,0,Sul
430970,2010,0,Sul
430975,2007,0,Sul
430975,2010,0,Sul
430980,2007,0,Sul
430980,2010,0,Sul
430990,2007,0,Sul
430990,2010,0,Sul
430995,2007,0,Sul
430995,2010,0,Sul
431000,2007,0,Sul
431000,2010,0,Sul
431010,2007,0,Sul
431010,2010,0,Sul
431020,2007,0,Sul
431020,2010,0,Sul
431030,2007,0,Sul
431030,2010,0,Sul
431033,2007,0,Sul
431033,2010,0,Sul
431036,2007,0,Sul
431036,2010,0,Sul
431040,2007,0,Sul
431040,2010,0,Sul
431040,2010,0,Sul
431040,2010,0,Sul
431040,2010,0,Sul
431041,2007,0,Sul
431041,2010,0,Sul
431043,2007,0,Sul
431043,2010,0,Sul
431046,2007,0,Sul
431046,2010,0,Sul
431050,2007,0,Sul
431050,2010,0,Sul
431053,2007,0,Sul
431053,2010,0,Sul
431055,2007,0,Sul
431055,2010,0,Sul
431057,2007,0,Sul
431057,2010,0,Sul
431060,2007,0,Sul
431060,2010,0,Sul
431065,2007,0,Sul
431065,2010,0,Sul
431070,2007,0,Sul
431070,2010,0,Sul
431075,2007,0,Sul
431075,2010,0,Sul
431080,2007,0,Sul
431080,2010,0,Sul
431085,2007,0,Sul
431085,2010,0,Sul
431087,2007,0,Sul
431087,2010,0,Sul
431090,2007,0,Sul
431090,2010,0,Sul
431090,2010,0,Sul
431090,2010,0,Sul
431090,2010,0,Sul
431100,2007,0,Sul
431100,2010,0,Sul
431110,2007,0,Sul
431110,2010,0,Sul
431112,2007,0,Sul
431112,2010,0,Sul
431113,2007,0,Sul
431113,2010,0,Sul
431115,2007,0,Sul
431115,2010,0,Sul
431120,2007,0,Sul
431120,2010,0,Sul
431123,2007,0,Sul
431123,2010,0,Sul
431125,2007,0,Sul
431125,2010,0,Sul
431127,2007,0,Sul
431127,2010,0,Sul
431130,2007,0,Sul
431130,2010,0,Sul
431140,2007,0,Sul
431140,2010,0,Sul
431140,2010,0,Sul
431140,2010,0,Sul
431140,2010,0,Sul
431142,2007,0,Sul
431142,2010,0,Sul
431150,2007,0,Sul
431150,2010,0,Sul
431160,2007,0,Sul
431160,2010,0,Sul
431162,2007,0,Sul
431162,2010,0,Sul
431164,2007,0,Sul
431164,2010,0,Sul
431170,2007,0,Sul
431170,2010,0,Sul
431171,2007,0,Sul
431171,2010,0,Sul
431173,2007,0,Sul
431173,2010,0,Sul
431175,2007,0,Sul
431175,2010,0,Sul
431177,2007,0,Sul
431177,2010,0,Sul
431179,2007,0,Sul
431179,2010,0,Sul
431180,2007,0,Sul
431180,2010,0,Sul
431180,2010,0,Sul
431180,2010,0,Sul
431180,2010,0,Sul
431190,2007,0,Sul
431190,2010,0,Sul
431198,2007,0,Sul
431198,2010,0,Sul
431200,2007,0,Sul
431200,2010,0,Sul
431205,2007,0,Sul
431205,2010,0,Sul
431210,2007,0,Sul
431210,2010,0,Sul
431213,2007,0,Sul
431213,2010,0,Sul
431215,2007,0,Sul
431215,2010,0,Sul
431217,2007,0,Sul
431217,2010,0,Sul
431220,2007,0,Sul
431220,2010,0,Sul
431225,2007,0,Sul
431225,2010,0,Sul
431230,2007,0,Sul
431230,2010,0,Sul
431235,2007,0,Sul
431235,2010,0,Sul
431237,2007,0,Sul
431237,2010,0,Sul
431238,2007,0,Sul
431238,2010,0,Sul
431240,2007,0,Sul
431240,2010,0,Sul
431242,2007,0,Sul
431242,2010,0,Sul
431244,2007,0,Sul
431244,2010,0,Sul
431245,2007,0,Sul
431245,2010,0,Sul
431247,2007,0,Sul
431247,2010,0,Sul
431250,2007,0,Sul
431250,2010,0,Sul
431260,2007,0,Sul
431260,2010,0,Sul
431261,2007,0,Sul
431261,2010,0,Sul
431262,2007,0,Sul
431262,2010,0,Sul
431265,2007,0,Sul
431265,2010,0,Sul
431267,2007,0,Sul
431267,2010,0,Sul
431270,2007,0,Sul
431270,2010,0,Sul
431275,2007,0,Sul
431275,2010,0,Sul
431280,2007,0,Sul
431280,2010,0,Sul
431290,2007,0,Sul
431290,2010,0,Sul
431295,2007,0,Sul
431295,2010,0,Sul
431300,2007,0,Sul
431300,2010,0,Sul
431301,2007,0,Sul
431301,2010,0,Sul
431303,2007,0,Sul
431303,2010,0,Sul
431306,2007,0,Sul
431306,2010,0,Sul
431308,2007,0,Sul
431308,2010,0,Sul
431310,2007,0,Sul
431310,2010,0,Sul
431320,2007,0,Sul
431320,2010,0,Sul
431330,2007,0,Sul
431330,2010,0,Sul
431333,2007,0,Sul
431333,2010,0,Sul
431335,2007,0,Sul
431335,2010,0,Sul
431337,2007,0,Sul
431337,2010,0,Sul
431337,2010,0,Sul
431337,2010,0,Sul
431337,2010,0,Sul
431339,2007,0,Sul
431339,2010,0,Sul
431340,2007,0,Sul
431340,2010,0,Sul
431342,2007,0,Sul
431342,2010,0,Sul
431344,2007,0,Sul
431344,2010,0,Sul
431346,2007,0,Sul
431346,2010,0,Sul
431349,2007,0,Sul
431349,2010,0,Sul
431350,2007,0,Sul
431350,2010,0,Sul
431360,2007,0,Sul
431360,2010,0,Sul
431365,2007,0,Sul
431365,2010,0,Sul
431370,2007,0,Sul
431370,2010,0,Sul
431380,2007,0,Sul
431380,2010,0,Sul
431390,2007,0,Sul
431390,2010,0,Sul
431395,2007,0,Sul
431395,2010,0,Sul
431400,2007,0,Sul
431400,2010,0,Sul
431402,2007,0,Sul
431402,2010,0,Sul
431403,2007,0,Sul
431403,2010,0,Sul
431405,2007,0,Sul
431405,2010,0,Sul
431406,2007,0,Sul
431406,2010,0,Sul
431407,2007,0,Sul
431407,2010,0,Sul
431410,2007,0,Sul
431410,2010,0,Sul
431413,2007,0,Sul
431413,2010,0,Sul
431415,2007,0,Sul
431415,2010,0,Sul
431417,2007,0,Sul
431417,2010,0,Sul
431420,2007,0,Sul
431420,2010,0,Sul
431430,2007,0,Sul
431430,2010,0,Sul
431440,2007,1,Sul
431440,2010,1,Sul
431442,2007,0,Sul
431442,2010,0,Sul
431445,2007,0,Sul
431445,2010,0,Sul
431446,2007,0,Sul
431446,2010,0,Sul
431447,2007,0,Sul
431447,2010,0,Sul
431449,2007,0,Sul
431449,2010,0,Sul
431450,2007,0,Sul
431450,2010,0,Sul
431455,2007,0,Sul
431455,2010,0,Sul
431460,2007,0,Sul
431460,2010,0,Sul
431470,2007,0,Sul
431470,2010,0,Sul
431470,2010,0,Sul
431470,2010,0,Sul
431470,2010,0,Sul
431470,2010,0,Sul
431470,2010,0,Sul
431470,2010,0,Sul
431470,2010,0,Sul
431470,2010,0,Sul
431470,2010,0,Sul
431470,2010,0,Sul
431470,2010,0,Sul
431470,2010,0,Sul
431470,2010,0,Sul
431470,2010,0,Sul
431470,2010,0,Sul
431475,2007,0,Sul
431475,2010,0,Sul
431477,2007,0,Sul
431477,2010,0,Sul
431478,2007,0,Sul
431478,2010,0,Sul
431480,2007,0,Sul
431480,2010,0,Sul
431490,2007,1,Sul
431490,2010,1,Sul
431500,2007,0,Sul
431500,2010,0,Sul
431505,2007,0,Sul
431505,2010,0,Sul
431507,2007,0,Sul
431507,2010,0,Sul
431510,2007,0,Sul
431510,2010,0,Sul
431513,2007,0,Sul
431513,2010,0,Sul
431514,2007,0,Sul
431514,2010,0,Sul
431515,2007,0,Sul
431515,2010,0,Sul
431517,2007,0,Sul
431517,2010,0,Sul
431520,2007,0,Sul
431520,2010,0,Sul
431530,2007,0,Sul
431530,2010,0,Sul
431531,2007,0,Sul
431531,2010,0,Sul
431532,2007,0,Sul
431532,2010,0,Sul
431535,2007,0,Sul
431535,2010,0,Sul
431540,2007,0,Sul
431540,2010,0,Sul
431545,2007,0,Sul
431545,2010,0,Sul
431550,2007,0,Sul
431550,2010,0,Sul
431555,2007,0,Sul
431555,2010,0,Sul
431560,2007,0,Sul
431560,2010,0,Sul
431570,2007,0,Sul
431570,2010,0,Sul
431575,2007,0,Sul
431575,2010,0,Sul
431580,2007,0,Sul
431580,2010,0,Sul
431590,2007,0,Sul
431590,2010,0,Sul
431595,2007,0,Sul
431595,2010,0,Sul
431600,2007,0,Sul
431600,2010,0,Sul
431610,2007,0,Sul
431610,2010,0,Sul
431620,2007,0,Sul
431620,2010,0,Sul
431630,2007,0,Sul
431630,2010,0,Sul
431640,2007,0,Sul
431640,2010,0,Sul
431642,2007,0,Sul
431642,2010,0,Sul
431643,2007,0,Sul
431643,2010,0,Sul
431645,2007,0,Sul
431645,2010,0,Sul
431647,2007,0,Sul
431647,2010,0,Sul
431650,2007,0,Sul
431650,2010,0,Sul
431660,2007,0,Sul
431660,2010,0,Sul
431670,2007,0,Sul
431670,2010,0,Sul
431673,2007,0,Sul
431673,2010,0,Sul
431675,2007,0,Sul
431675,2010,0,Sul
431680,2007,0,Sul
431680,2010,0,Sul
431690,2007,1,Sul
431690,2010,1,Sul
431690,2010,1,Sul
431690,2010,1,Sul
431690,2010,1,Sul
431695,2007,0,Sul
431695,2010,0,Sul
431697,2007,0,Sul
431697,2010,0,Sul
431700,2007,0,Sul
431700,2010,0,Sul
431710,2007,0,Sul
431710,2010,0,Sul
431720,2007,0,Sul
431720,2010,0,Sul
431725,2007,0,Sul
431725,2010,0,Sul
431730,2007,0,Sul
431730,2010,0,Sul
431740,2007,0,Sul
431740,2010,0,Sul
431750,2007,0,Sul
431750,2010,0,Sul
431755,2007,0,Sul
431755,2010,0,Sul
431760,2007,0,Sul
431760,2010,0,Sul
431770,2007,0,Sul
431770,2010,0,Sul
431775,2007,0,Sul
431775,2010,0,Sul
431780,2007,0,Sul
431780,2010,0,Sul
431790,2007,0,Sul
431790,2010,0,Sul
431795,2007,0,Sul
431795,2010,0,Sul
431800,2007,0,Sul
431800,2010,0,Sul
431805,2007,0,Sul
431805,2010,0,Sul
431810,2007,0,Sul
431810,2010,0,Sul
431820,2007,0,Sul
431820,2010,0,Sul
431820,2010,0,Sul
431820,2010,0,Sul
431820,2010,0,Sul
431830,2007,0,Sul
431830,2010,0,Sul
431830,2010,0,Sul
431830,2010,0,Sul
431830,2010,0,Sul
431840,2007,0,Sul
431840,2010,0,Sul
431842,2007,0,Sul
431842,2010,0,Sul
431843,2007,0,Sul
431843,2010,0,Sul
431844,2007,0,Sul
431844,2010,0,Sul
431845,2007,0,Sul
431845,2010,0,Sul
431846,2007,0,Sul
431846,2010,0,Sul
431848,2007,0,Sul
431848,2010,0,Sul
431849,2007,0,Sul
431849,2010,0,Sul
431850,2007,0,Sul
431850,2010,0,Sul
431860,2007,0,Sul
431860,2010,0,Sul
431861,2007,0,Sul
431861,2010,0,Sul
431862,2007,0,Sul
431862,2010,0,Sul
431870,2007,0,Sul
431870,2010,0,Sul
431880,2007,0,Sul
431880,2010,0,Sul
431890,2007,0,Sul
431890,2010,0,Sul
431900,2007,0,Sul
431900,2010,0,Sul
431910,2007,0,Sul
431910,2010,0,Sul
431910,2010,0,Sul
431910,2010,0,Sul
431910,2010,0,Sul
431912,2007,0,Sul
431912,2010,0,Sul
431915,2007,0,Sul
431915,2010,0,Sul
431920,2007,0,Sul
431920,2010,0,Sul
431930,2007,0,Sul
431930,2010,0,Sul
431935,2007,0,Sul
431935,2010,0,Sul
431936,2007,0,Sul
431936,2010,0,Sul
431937,2007,0,Sul
431937,2010,0,Sul
431940,2007,0,Sul
431940,2010,0,Sul
431950,2007,0,Sul
431950,2010,0,Sul
431960,2007,0,Sul
431960,2010,0,Sul
431970,2007,0,Sul
431970,2010,0,Sul
431971,2007,0,Sul
431971,2010,0,Sul
431973,2007,0,Sul
431973,2010,0,Sul
431975,2007,0,Sul
431975,2010,0,Sul
431980,2007,0,Sul
431980,2010,0,Sul
431990,2007,0,Sul
431990,2010,0,Sul
432000,2007,0,Sul
432000,2010,0,Sul
432010,2007,0,Sul
432010,2010,0,Sul
432010,2010,0,Sul
432010,2010,0,Sul
432010,2010,0,Sul
432020,2007,0,Sul
432020,2010,0,Sul
432023,2007,0,Sul
432023,2010,0,Sul
432026,2007,0,Sul
432026,2010,0,Sul
432030,2007,0,Sul
432030,2010,0,Sul
432032,2007,0,Sul
432032,2010,0,Sul
432035,2007,0,Sul
432035,2010,0,Sul
432040,2007,0,Sul
432040,2010,0,Sul
432045,2007,0,Sul
432045,2010,0,Sul
432050,2007,0,Sul
432050,2010,0,Sul
432055,2007,0,Sul
432055,2010,0,Sul
432057,2007,0,Sul
432057,2010,0,Sul
432060,2007,0,Sul
432060,2010,0,Sul
432065,2007,0,Sul
432065,2010,0,Sul
432067,2007,0,Sul
432067,2010,0,Sul
432070,2007,0,Sul
432070,2010,0,Sul
432070,2010,0,Sul
432070,2010,0,Sul
432070,2010,0,Sul
432080,2007,0,Sul
432080,2010,0,Sul
432080,2010,0,Sul
432080,2010,0,Sul
432080,2010,0,Sul
432085,2007,0,Sul
432085,2010,0,Sul
432090,2007,0,Sul
432090,2010,0,Sul
432090,2010,0,Sul
432090,2010,0,Sul
432090,2010,0,Sul
432100,2007,0,Sul
432100,2010,0,Sul
432110,2007,0,Sul
432110,2010,0,Sul
432120,2007,0,Sul
432120,2010,0,Sul
432130,2007,0,Sul
432130,2010,0,Sul
432132,2007,0,Sul
432132,2010,0,Sul
432135,2007,0,Sul
432135,2010,0,Sul
432135,2010,0,Sul
432135,2010,0,Sul
432135,2010,0,Sul
432140,2007,0,Sul
432140,2010,0,Sul
432143,2007,0,Sul
432143,2010,0,Sul
432145,2007,0,Sul
432145,2010,0,Sul
432146,2007,0,Sul
432146,2010,0,Sul
432147,2007,0,Sul
432147,2010,0,Sul
432149,2007,0,Sul
432149,2010,0,Sul
432150,2007,0,Sul
432150,2010,0,Sul
432160,2007,0,Sul
432160,2010,0,Sul
432162,2007,0,Sul
432162,2010,0,Sul
432163,2007,0,Sul
432163,2010,0,Sul
432166,2007,0,Sul
432166,2010,0,Sul
432170,2007,0,Sul
432170,2010,0,Sul
432180,2007,0,Sul
432180,2010,0,Sul
432183,2007,0,Sul
432183,2010,0,Sul
432185,2007,0,Sul
432185,2010,0,Sul
432190,2007,0,Sul
432190,2010,0,Sul
432195,2007,0,Sul
432195,2010,0,Sul
432200,2007,0,Sul
432200,2010,0,Sul
432200,2010,0,Sul
432200,2010,0,Sul
432200,2010,0,Sul
432200,2010,0,Sul
432200,2010,0,Sul
432200,2010,0,Sul
432200,2010,0,Sul
432200,2010,0,Sul
432210,2007,0,Sul
432210,2010,0,Sul
432215,2007,0,Sul
432215,2010,0,Sul
432218,2007,0,Sul
432218,2010,0,Sul
432220,2007,0,Sul
432220,2010,0,Sul
432225,2007,0,Sul
432225,2010,0,Sul
432230,2007,0,Sul
432230,2010,0,Sul
432232,2007,0,Sul
432232,2010,0,Sul
432234,2007,0,Sul
432234,2010,0,Sul
432235,2007,0,Sul
432235,2010,0,Sul
432237,2007,0,Sul
432237,2010,0,Sul
432240,2007,0,Sul
432240,2010,0,Sul
432250,2007,0,Sul
432250,2010,0,Sul
432252,2007,0,Sul
432252,2010,0,Sul
432253,2007,0,Sul
432253,2010,0,Sul
432254,2007,0,Sul
432254,2010,0,Sul
432255,2007,0,Sul
432255,2010,0,Sul
432260,2007,0,Sul
432260,2010,0,Sul
432270,2007,0,Sul
432270,2010,0,Sul
432270,2010,0,Sul
432270,2010,0,Sul
432270,2010,0,Sul
432270,2010,0,Sul
432270,2010,0,Sul
432270,2010,0,Sul
432270,2010,0,Sul
432270,2010,0,Sul
432270,2010,0,Sul
432270,2010,0,Sul
432270,2010,0,Sul
432270,2010,0,Sul
432270,2010,0,Sul
432270,2010,0,Sul
432270,2010,0,Sul
432280,2007,0,Sul
432280,2010,0,Sul
432285,2007,0,Sul
432285,2010,0,Sul
432290,2007,0,Sul
432290,2010,0,Sul
432300,2007,0,Sul
432300,2010,0,Sul
432310,2007,0,Sul
432310,2010,0,Sul
432320,2007,0,Sul
432320,2010,0,Sul
432330,2007,0,Sul
432330,2010,0,Sul
432335,2007,0,Sul
432335,2010,0,Sul
432340,2007,0,Sul
432340,2010,0,Sul
432345,2007,0,Sul
432345,2010,0,Sul
432350,2007,0,Sul
432350,2010,0,Sul
432360,2007,0,Sul
432360,2010,0,Sul
432370,2007,0,Sul
432370,2010,0,Sul
432375,2007,0,Sul
432375,2010,0,Sul
432377,2007,0,Sul
432377,2010,0,Sul
432380,2007,0,Sul
432380,2010,0,Sul
500020,2007,0,Centro-Oeste
500020,2010,0,Centro-Oeste
500025,2007,0,Centro-Oeste
500025,2010,0,Centro-Oeste
500060,2007,0,Centro-Oeste
500060,2010,0,Centro-Oeste
500070,2007,0,Centro-Oeste
500070,2010,0,Centro-Oeste
500080,2007,0,Centro-Oeste
500080,2010,0,Centro-Oeste
500085,2007,0,Centro-Oeste
500085,2010,0,Centro-Oeste
500090,2007,0,Centro-Oeste
500090,2010,0,Centro-Oeste
500100,2007,0,Centro-Oeste
500100,2010,0,Centro-Oeste
500110,2007,0,Centro-Oeste
500110,2010,0,Centro-Oeste
500124,2007,0,Centro-Oeste
500124,2010,0,Centro-Oeste
500150,2007,0,Centro-Oeste
500150,2010,0,Centro-Oeste
500150,2010,0,Centro-Oeste
500150,2010,0,Centro-Oeste
500150,2010,0,Centro-Oeste
500190,2007,0,Centro-Oeste
500190,2010,0,Centro-Oeste
500200,2007,0,Centro-Oeste
500200,2010,0,Centro-Oeste
500210,2007,0,Centro-Oeste
500210,2010,0,Centro-Oeste
500215,2007,0,Centro-Oeste
500215,2010,0,Centro-Oeste
500220,2007,0,Centro-Oeste
500220,2010,0,Centro-Oeste
500220,2010,0,Centro-Oeste
500220,2010,0,Centro-Oeste
500220,2010,0,Centro-Oeste
500220,2010,0,Centro-Oeste
500220,2010,0,Centro-Oeste
500220,2010,0,Centro-Oeste
500220,2010,0,Centro-Oeste
500220,2010,0,Centro-Oeste
500220,2010,0,Centro-Oeste
500220,2010,0,Centro-Oeste
500220,2010,0,Centro-Oeste
500220,2010,0,Centro-Oeste
500220,2010,0,Centro-Oeste
500220,2010,0,Centro-Oeste
500220,2010,0,Centro-Oeste
500230,2007,0,Centro-Oeste
500230,2010,0,Centro-Oeste
500240,2007,0,Centro-Oeste
500240,2010,0,Centro-Oeste
500260,2007,0,Centro-Oeste
500260,2010,0,Centro-Oeste
500270,2007,1,Centro-Oeste
500270,2010,1,Centro-Oeste
500270,2010,1,Centro-Oeste
500270,2010,1,Centro-Oeste
500270,2010,1,Centro-Oeste
500280,2007,0,Centro-Oeste
500280,2010,0,Centro-Oeste
500280,2010,0,Centro-Oeste
500280,2010,0,Centro-Oeste
500280,2010,0,Centro-Oeste
500290,2007,0,Centro-Oeste
500290,2010,0,Centro-Oeste
500295,2007,0,Centro-Oeste
500295,2010,0,Centro-Oeste
500310,2007,0,Centro-Oeste
500310,2010,0,Centro-Oeste
500315,2007,0,Centro-Oeste
500315,2010,0,Centro-Oeste
500320,2007,0,Centro-Oeste
500320,2010,0,Centro-Oeste
500325,2007,0,Centro-Oeste
500325,2010,0,Centro-Oeste
500330,2007,0,Centro-Oeste
500330,2010,0,Centro-Oeste
500345,2007,0,Centro-Oeste
500345,2010,0,Centro-Oeste
500348,2007,0,Centro-Oeste
500348,2010,0,Centro-Oeste
500350,2007,0,Centro-Oeste
500350,2010,0,Centro-Oeste
500350,2010,0,Centro-Oeste
500350,2010,0,Centro-Oeste
500350,2010,0,Centro-Oeste
500370,2007,0,Centro-Oeste
500370,2010,0,Centro-Oeste
500375,2007,0,Centro-Oeste
500375,2010,0,Centro-Oeste
500375,2010,0,Centro-Oeste
500375,2010,0,Centro-Oeste
500375,2010,0,Centro-Oeste
500380,2007,0,Centro-Oeste
500380,2010,0,Centro-Oeste
500390,2007,0,Centro-Oeste
500390,2010,0,Centro-Oeste
500400,2007,0,Centro-Oeste
500400,2010,0,Centro-Oeste
500410,2007,0,Centro-Oeste
500410,2010,0,Centro-Oeste
500430,2007,0,Centro-Oeste
500430,2010,0,Centro-Oeste
500440,2007,0,Centro-Oeste
500440,2010,0,Centro-Oeste
500450,2007,0,Centro-Oeste
500450,2010,0,Centro-Oeste
500460,2007,0,Centro-Oeste
500460,2010,0,Centro-Oeste
500470,2007,0,Centro-Oeste
500470,2010,0,Centro-Oeste
500480,2007,0,Centro-Oeste
500480,2010,0,Centro-Oeste
500490,2007,0,Centro-Oeste
500490,2010,0,Centro-Oeste
500500,2007,0,Centro-Oeste
500500,2010,0,Centro-Oeste
500500,2010,0,Centro-Oeste
500500,2010,0,Centro-Oeste
500500,2010,0,Centro-Oeste
500510,2007,0,Centro-Oeste
500510,2010,0,Centro-Oeste
500515,2007,0,Centro-Oeste
500515,2010,0,Centro-Oeste
500520,2007,0,Centro-Oeste
500520,2010,0,Centro-Oeste
500525,2007,0,Centro-Oeste
500525,2010,0,Centro-Oeste
500540,2007,0,Centro-Oeste
500540,2010,0,Centro-Oeste
500560,2007,0,Centro-Oeste
500560,2010,0,Centro-Oeste
500570,2007,0,Centro-Oeste
500570,2010,0,Centro-Oeste
500580,2007,0,Centro-Oeste
500580,2010,0,Centro-Oeste
500600,2007,0,Centro-Oeste
500600,2010,0,Centro-Oeste
500620,2007,0,Centro-Oeste
500620,2010,0,Centro-Oeste
500625,2007,0,Centro-Oeste
500625,2010,0,Centro-Oeste
500630,2007,0,Centro-Oeste
500630,2010,0,Centro-Oeste
500635,2007,0,Centro-Oeste
500635,2010,0,Centro-Oeste
500640,2007,0,Centro-Oeste
500640,2010,0,Centro-Oeste
500660,2007,0,Centro-Oeste
500660,2010,0,Centro-Oeste
500690,2007,0,Centro-Oeste
500690,2010,0,Centro-Oeste
500710,2007,0,Centro-Oeste
500710,2010,0,Centro-Oeste
500720,2007,0,Centro-Oeste
500720,2010,0,Centro-Oeste
500730,2007,0,Centro-Oeste
500730,2010,0,Centro-Oeste
500730,2010,0,Centro-Oeste
500730,2010,0,Centro-Oeste
500730,2010,0,Centro-Oeste
500740,2007,0,Centro-Oeste
500740,2010,0,Centro-Oeste
500750,2007,0,Centro-Oeste
500750,2010,0,Centro-Oeste
500755,2007,0,Centro-Oeste
500755,2010,0,Centro-Oeste
500769,2007,0,Centro-Oeste
500769,2010,0,Centro-Oeste
500770,2007,0,Centro-Oeste
500770,2010,0,Centro-Oeste
500780,2007,0,Centro-Oeste
500780,2010,0,Centro-Oeste
500790,2007,0,Centro-Oeste
500790,2010,0,Centro-Oeste
500793,2007,0,Centro-Oeste
500793,2010,0,Centro-Oeste
500795,2007,0,Centro-Oeste
500795,2010,0,Centro-Oeste
500797,2007,0,Centro-Oeste
500797,2010,0,Centro-Oeste
500800,2007,0,Centro-Oeste
500800,2010,0,Centro-Oeste
500830,2007,0,Centro-Oeste
500830,2010,0,Centro-Oeste
500840,2007,0,Centro-Oeste
500840,2010,0,Centro-Oeste
510010,2007,0,Centro-Oeste
510010,2010,0,Centro-Oeste
510020,2007,0,Centro-Oeste
510020,2010,0,Centro-Oeste
510020,2010,0,Centro-Oeste
510020,2010,0,Centro-Oeste
510020,2010,0,Centro-Oeste
510025,2007,0,Centro-Oeste
510025,2010,0,Centro-Oeste
510030,2007,0,Centro-Oeste
510030,2010,0,Centro-Oeste
510035,2007,0,Centro-Oeste
510035,2010,0,Centro-Oeste
510040,2007,0,Centro-Oeste
510040,2010,0,Centro-Oeste
510050,2007,0,Centro-Oeste
510050,2010,0,Centro-Oeste
510060,2007,0,Centro-Oeste
510060,2010,0,Centro-Oeste
510080,2007,0,Centro-Oeste
510080,2010,0,Centro-Oeste
510100,2007,0,Centro-Oeste
510100,2010,0,Centro-Oeste
510120,2007,0,Centro-Oeste
510120,2010,0,Centro-Oeste
510125,2007,0,Centro-Oeste
510125,2010,0,Centro-Oeste
510130,2007,0,Centro-Oeste
510130,2010,0,Centro-Oeste
510140,2007,0,Centro-Oeste
510140,2010,0,Centro-Oeste
510160,2007,0,Centro-Oeste
510160,2010,0,Centro-Oeste
510170,2007,0,Centro-Oeste
510170,2010,0,Centro-Oeste
510180,2007,0,Centro-Oeste
510180,2010,0,Centro-Oeste
510185,2007,0,Centro-Oeste
510185,2010,0,Centro-Oeste
510190,2007,0,Centro-Oeste
510190,2010,0,Centro-Oeste
510250,2007,0,Centro-Oeste
510250,2010,0,Centro-Oeste
510260,2007,0,Centro-Oeste
510260,2010,0,Centro-Oeste
510263,2007,0,Centro-Oeste
510263,2010,0,Centro-Oeste
510267,2007,0,Centro-Oeste
510267,2010,0,Centro-Oeste
510268,2007,0,Centro-Oeste
510268,2010,0,Centro-Oeste
510269,2007,0,Centro-Oeste
510269,2010,0,Centro-Oeste
510270,2007,0,Centro-Oeste
510270,2010,0,Centro-Oeste
510270,2010,0,Centro-Oeste
510270,2010,0,Centro-Oeste
510270,2010,0,Centro-Oeste
510279,2007,0,Centro-Oeste
510279,2010,0,Centro-Oeste
510285,2007,0,Centro-Oeste
510285,2010,0,Centro-Oeste
510300,2007,0,Centro-Oeste
510300,2010,0,Centro-Oeste
510305,2007,0,Centro-Oeste
510305,2010,0,Centro-Oeste
510310,2007,0,Centro-Oeste
510310,2010,0,Centro-Oeste
510320,2007,0,Centro-Oeste
510320,2010,0,Centro-Oeste
510325,2007,0,Centro-Oeste
510325,2010,0,Centro-Oeste
510330,2007,0,Centro-Oeste
510330,2010,0,Centro-Oeste
510335,2007,0,Centro-Oeste
510335,2010,0,Centro-Oeste
510336,2007,0,Centro-Oeste
510336,2010,0,Centro-Oeste
510337,2007,0,Centro-Oeste
510337,2010,0,Centro-Oeste
510340,2007,1,Centro-Oeste
510340,2010,1,Centro-Oeste
510343,2007,0,Centro-Oeste
510343,2010,0,Centro-Oeste
510345,2007,0,Centro-Oeste
510345,2010,0,Centro-Oeste
510350,2007,0,Centro-Oeste
510350,2010,0,Centro-Oeste
510360,2007,0,Centro-Oeste
510360,2010,0,Centro-Oeste
510370,2007,0,Centro-Oeste
510370,2010,0,Centro-Oeste
510380,2007,0,Centro-Oeste
510380,2010,0,Centro-Oeste
510385,2007,0,Centro-Oeste
510385,2010,0,Centro-Oeste
510390,2007,0,Centro-Oeste
510390,2010,0,Centro-Oeste
510390,2010,0,Centro-Oeste
510390,2010,0,Centro-Oeste
510390,2010,0,Centro-Oeste
510395,2007,0,Centro-Oeste
510395,2010,0,Centro-Oeste
510410,2007,0,Centro-Oeste
510410,2010,0,Centro-Oeste
510420,2007,0,Centro-Oeste
510420,2010,0,Centro-Oeste
510450,2007,0,Centro-Oeste
510450,2010,0,Centro-Oeste
510452,2007,0,Centro-Oeste
510452,2010,0,Centro-Oeste
510454,2007,0,Centro-Oeste
510454,2010,0,Centro-Oeste
510455,2007,0,Centro-Oeste
510455,2010,0,Centro-Oeste
510460,2007,0,Centro-Oeste
510460,2010,0,Centro-Oeste
510480,2007,0,Centro-Oeste
510480,2010,0,Centro-Oeste
510490,2007,0,Centro-Oeste
510490,2010,0,Centro-Oeste
510500,2007,0,Centro-Oeste
510500,2010,0,Centro-Oeste
510510,2007,0,Centro-Oeste
510510,2010,0,Centro-Oeste
510515,2007,0,Centro-Oeste
510515,2010,0,Centro-Oeste
510517,2007,0,Centro-Oeste
510517,2010,0,Centro-Oeste
510520,2007,0,Centro-Oeste
510520,2010,0,Centro-Oeste
510523,2007,0,Centro-Oeste
510523,2010,0,Centro-Oeste
510525,2007,0,Centro-Oeste
510525,2010,0,Centro-Oeste
510530,2007,0,Centro-Oeste
510530,2010,0,Centro-Oeste
510550,2007,0,Centro-Oeste
510550,2010,0,Centro-Oeste
510558,2007,0,Centro-Oeste
510558,2010,0,Centro-Oeste
510560,2007,0,Centro-Oeste
510560,2010,0,Centro-Oeste
510562,2007,0,Centro-Oeste
510562,2010,0,Centro-Oeste
510590,2007,0,Centro-Oeste
510590,2010,0,Centro-Oeste
510600,2007,0,Centro-Oeste
510600,2010,0,Centro-Oeste
510610,2007,0,Centro-Oeste
510610,2010,0,Centro-Oeste
510615,2007,0,Centro-Oeste
510615,2010,0,Centro-Oeste
510617,2007,0,Centro-Oeste
510617,2010,0,Centro-Oeste
510618,2007,0,Centro-Oeste
510618,2010,0,Centro-Oeste
510619,2007,0,Centro-Oeste
510619,2010,0,Centro-Oeste
510620,2007,0,Centro-Oeste
510620,2010,0,Centro-Oeste
510621,2007,0,Centro-Oeste
510621,2010,0,Centro-Oeste
510622,2007,0,Centro-Oeste
510622,2010,0,Centro-Oeste
510623,2007,0,Centro-Oeste
510623,2010,0,Centro-Oeste
510623,2010,0,Centro-Oeste
510623,2010,0,Centro-Oeste
510623,2010,0,Centro-Oeste
510624,2007,0,Centro-Oeste
510624,2010,0,Centro-Oeste
510625,2007,0,Centro-Oeste
510625,2010,0,Centro-Oeste
510626,2007,0,Centro-Oeste
510626,2010,0,Centro-Oeste
510627,2007,0,Centro-Oeste
510627,2010,0,Centro-Oeste
510628,2007,0,Centro-Oeste
510628,2010,0,Centro-Oeste
510629,2007,0,Centro-Oeste
510629,2010,0,Centro-Oeste
510630,2007,0,Centro-Oeste
510630,2010,0,Centro-Oeste
510631,2007,0,Centro-Oeste
510631,2010,0,Centro-Oeste
510631,2010,0,Centro-Oeste
510631,2010,0,Centro-Oeste
510631,2010,0,Centro-Oeste
510637,2007,0,Centro-Oeste
510637,2010,0,Centro-Oeste
510637,2010,0,Centro-Oeste
510637,2010,0,Centro-Oeste
510637,2010,0,Centro-Oeste
510642,2007,0,Centro-Oeste
510642,2010,0,Centro-Oeste
510645,2007,0,Centro-Oeste
510645,2010,0,Centro-Oeste
510650,2007,0,Centro-Oeste
510650,2010,0,Centro-Oeste
510665,2007,0,Centro-Oeste
510665,2010,0,Centro-Oeste
510670,2007,0,Centro-Oeste
510670,2010,0,Centro-Oeste
510675,2007,0,Centro-Oeste
510675,2010,0,Centro-Oeste
510677,2007,0,Centro-Oeste
510677,2010,0,Centro-Oeste
510680,2007,0,Centro-Oeste
510680,2010,0,Centro-Oeste
510682,2007,0,Centro-Oeste
510682,2010,0,Centro-Oeste
510685,2007,0,Centro-Oeste
510685,2010,0,Centro-Oeste
510700,2007,0,Centro-Oeste
510700,2010,0,Centro-Oeste
510704,2007,0,Centro-Oeste
510704,2010,0,Centro-Oeste
510706,2007,0,Centro-Oeste
510706,2010,0,Centro-Oeste
510710,2007,0,Centro-Oeste
510710,2010,0,Centro-Oeste
510715,2007,0,Centro-Oeste
510715,2010,0,Centro-Oeste
510718,2007,0,Centro-Oeste
510718,2010,0,Centro-Oeste
510719,2007,0,Centro-Oeste
510719,2010,0,Centro-Oeste
510720,2007,0,Centro-Oeste
510720,2010,0,Centro-Oeste
510720,2010,0,Centro-Oeste
510720,2010,0,Centro-Oeste
510720,2010,0,Centro-Oeste
510724,2007,0,Centro-Oeste
510724,2010,0,Centro-Oeste
510726,2007,0,Centro-Oeste
510726,2010,0,Centro-Oeste
510729,2007,0,Centro-Oeste
510729,2010,0,Centro-Oeste
510730,2007,0,Centro-Oeste
510730,2010,0,Centro-Oeste
510735,2007,0,Centro-Oeste
510735,2010,0,Centro-Oeste
510740,2007,0,Centro-Oeste
510740,2010,0,Centro-Oeste
510757,2007,0,Centro-Oeste
510757,2010,0,Centro-Oeste
510760,2007,0,Centro-Oeste
510760,2010,0,Centro-Oeste
510770,2007,0,Centro-Oeste
510770,2010,0,Centro-Oeste
510774,2007,0,Centro-Oeste
510774,2010,0,Centro-Oeste
510775,2007,0,Centro-Oeste
510775,2010,0,Centro-Oeste
510776,2007,0,Centro-Oeste
510776,2010,0,Centro-Oeste
510777,2007,0,Centro-Oeste
510777,2010,0,Centro-Oeste
510777,2010,0,Centro-Oeste
510777,2010,0,Centro-Oeste
510777,2010,0,Centro-Oeste
510777,2010,0,Centro-Oeste
510777,2010,0,Centro-Oeste
510777,2010,0,Centro-Oeste
510777,2010,0,Centro-Oeste
510777,2010,0,Centro-Oeste
510779,2007,0,Centro-Oeste
510779,2010,0,Centro-Oeste
510780,2007,0,Centro-Oeste
510780,2010,0,Centro-Oeste
510785,2007,0,Centro-Oeste
510785,2010,0,Centro-Oeste
510787,2007,0,Centro-Oeste
510787,2010,0,Centro-Oeste
510788,2007,0,Centro-Oeste
510788,2010,0,Centro-Oeste
510790,2007,0,Centro-Oeste
510790,2010,0,Centro-Oeste
510792,2007,0,Centro-Oeste
510792,2010,0,Centro-Oeste
510794,2007,0,Centro-Oeste
510794,2010,0,Centro-Oeste
510795,2007,0,Centro-Oeste
510795,2010,0,Centro-Oeste
510800,2007,0,Centro-Oeste
510800,2010,0,Centro-Oeste
510805,2007,0,Centro-Oeste
510805,2010,0,Centro-Oeste
510810,2007,0,Centro-Oeste
510810,2010,0,Centro-Oeste
510820,2007,0,Centro-Oeste
510820,2010,0,Centro-Oeste
510830,2007,0,Centro-Oeste
510830,2010,0,Centro-Oeste
510835,2007,0,Centro-Oeste
510835,2010,0,Centro-Oeste
510840,2007,0,Centro-Oeste
510840,2010,0,Centro-Oeste
510840,2010,0,Centro-Oeste
510840,2010,0,Centro-Oeste
510840,2010,0,Centro-Oeste
510850,2007,0,Centro-Oeste
510850,2010,0,Centro-Oeste
510860,2007,0,Centro-Oeste
510860,2010,0,Centro-Oeste
510880,2007,0,Centro-Oeste
510880,2010,0,Centro-Oeste
510885,2007,0,Centro-Oeste
510885,2010,0,Centro-Oeste
510890,2007,0,Centro-Oeste
510890,2010,0,Centro-Oeste
510895,2007,0,Centro-Oeste
510895,2010,0,Centro-Oeste
520005,2007,0,Centro-Oeste
520005,2010,0,Centro-Oeste
520010,2007,0,Centro-Oeste
520010,2010,0,Centro-Oeste
520013,2007,0,Centro-Oeste
520013,2010,0,Centro-Oeste
520015,2007,0,Centro-Oeste
520015,2010,0,Centro-Oeste
520017,2007,0,Centro-Oeste
520017,2010,0,Centro-Oeste
520020,2007,0,Centro-Oeste
520020,2010,0,Centro-Oeste
520025,2007,0,Centro-Oeste
520025,2010,0,Centro-Oeste
520030,2007,0,Centro-Oeste
520030,2010,0,Centro-Oeste
520050,2007,0,Centro-Oeste
520050,2010,0,Centro-Oeste
520055,2007,0,Centro-Oeste
520055,2010,0,Centro-Oeste
520060,2007,0,Centro-Oeste
520060,2010,0,Centro-Oeste
520080,2007,0,Centro-Oeste
520080,2010,0,Centro-Oeste
520082,2007,0,Centro-Oeste
520082,2010,0,Centro-Oeste
520085,2007,0,Centro-Oeste
520085,2010,0,Centro-Oeste
520090,2007,0,Centro-Oeste
520090,2010,0,Centro-Oeste
520110,2007,1,Centro-Oeste
520110,2010,1,Centro-Oeste
520120,2007,0,Centro-Oeste
520120,2010,0,Centro-Oeste
520130,2007,0,Centro-Oeste
520130,2010,0,Centro-Oeste
520140,2007,1,Centro-Oeste
520140,2010,1,Centro-Oeste
520145,2007,0,Centro-Oeste
520145,2010,0,Centro-Oeste
520150,2007,0,Centro-Oeste
520150,2010,0,Centro-Oeste
520160,2007,0,Centro-Oeste
520160,2010,0,Centro-Oeste
520170,2007,0,Centro-Oeste
520170,2010,0,Centro-Oeste
520180,2007,0,Centro-Oeste
520180,2010,0,Centro-Oeste
520215,2007,0,Centro-Oeste
520215,2010,0,Centro-Oeste
520235,2007,0,Centro-Oeste
520235,2010,0,Centro-Oeste
520250,2007,0,Centro-Oeste
520250,2010,0,Centro-Oeste
520260,2007,0,Centro-Oeste
520260,2010,0,Centro-Oeste
520280,2007,0,Centro-Oeste
520280,2010,0,Centro-Oeste
520310,2007,0,Centro-Oeste
520310,2010,0,Centro-Oeste
520320,2007,0,Centro-Oeste
520320,2010,0,Centro-Oeste
520320,2010,0,Centro-Oeste
520320,2010,0,Centro-Oeste
520320,2010,0,Centro-Oeste
520330,2007,0,Centro-Oeste
520330,2010,0,Centro-Oeste
520340,2007,0,Centro-Oeste
520340,2010,0,Centro-Oeste
520350,2007,0,Centro-Oeste
520350,2010,0,Centro-Oeste
520355,2007,0,Centro-Oeste
520355,2010,0,Centro-Oeste
520357,2007,0,Centro-Oeste
520357,2010,0,Centro-Oeste
520360,2007,0,Centro-Oeste
520360,2010,0,Centro-Oeste
520380,2007,0,Centro-Oeste
520380,2010,0,Centro-Oeste
520390,2007,0,Centro-Oeste
520390,2010,0,Centro-Oeste
520393,2007,0,Centro-Oeste
520393,2010,0,Centro-Oeste
520396,2007,0,Centro-Oeste
520396,2010,0,Centro-Oeste
520400,2007,0,Centro-Oeste
520400,2010,0,Centro-Oeste
520410,2007,0,Centro-Oeste
520410,2010,0,Centro-Oeste
520420,2007,0,Centro-Oeste
520420,2010,0,Centro-Oeste
520425,2007,0,Centro-Oeste
520425,2010,0,Centro-Oeste
520425,2010,0,Centro-Oeste
520425,2010,0,Centro-Oeste
520425,2010,0,Centro-Oeste
520430,2007,0,Centro-Oeste
520430,2010,0,Centro-Oeste
520440,2007,0,Centro-Oeste
520440,2010,0,Centro-Oeste
520450,2007,0,Centro-Oeste
520450,2010,0,Centro-Oeste
520455,2007,0,Centro-Oeste
520455,2010,0,Centro-Oeste
520460,2007,0,Centro-Oeste
520460,2010,0,Centro-Oeste
520465,2007,0,Centro-Oeste
520465,2010,0,Centro-Oeste
520470,2007,0,Centro-Oeste
520470,2010,0,Centro-Oeste
520480,2007,0,Centro-Oeste
520480,2010,0,Centro-Oeste
520485,2007,0,Centro-Oeste
520485,2010,0,Centro-Oeste
520490,2007,0,Centro-Oeste
520490,2010,0,Centro-Oeste
520495,2007,0,Centro-Oeste
520495,2010,0,Centro-Oeste
520500,2007,0,Centro-Oeste
520500,2010,0,Centro-Oeste
520505,2007,0,Centro-Oeste
520505,2010,0,Centro-Oeste
520510,2007,0,Centro-Oeste
520510,2010,0,Centro-Oeste
520520,2007,0,Centro-Oeste
520520,2010,0,Centro-Oeste
520530,2007,0,Centro-Oeste
520530,2010,0,Centro-Oeste
520540,2007,0,Centro-Oeste
520540,2010,0,Centro-Oeste
520545,2007,0,Centro-Oeste
520545,2010,0,Centro-Oeste
520547,2007,0,Centro-Oeste
520547,2010,0,Centro-Oeste
520549,2007,0,Centro-Oeste
520549,2010,0,Centro-Oeste
520551,2007,0,Centro-Oeste
520551,2010,0,Centro-Oeste
520552,2007,0,Centro-Oeste
520552,2010,0,Centro-Oeste
520570,2007,0,Centro-Oeste
520570,2010,0,Centro-Oeste
520580,2007,0,Centro-Oeste
520580,2010,0,Centro-Oeste
520590,2007,0,Centro-Oeste
520590,2010,0,Centro-Oeste
520620,2007,0,Centro-Oeste
520620,2010,0,Centro-Oeste
520630,2007,0,Centro-Oeste
520630,2010,0,Centro-Oeste
520640,2007,0,Centro-Oeste
520640,2010,0,Centro-Oeste
520650,2007,0,Centro-Oeste
520650,2010,0,Centro-Oeste
520660,2007,0,Centro-Oeste
520660,2010,0,Centro-Oeste
520670,2007,0,Centro-Oeste
520670,2010,0,Centro-Oeste
520680,2007,0,Centro-Oeste
520680,2010,0,Centro-Oeste
520690,2007,0,Centro-Oeste
520690,2010,0,Centro-Oeste
520690,2010,0,Centro-Oeste
520690,2010,0,Centro-Oeste
520690,2010,0,Centro-Oeste
520710,2007,0,Centro-Oeste
520710,2010,0,Centro-Oeste
520725,2007,0,Centro-Oeste
520725,2010,0,Centro-Oeste
520735,2007,0,Centro-Oeste
520735,2010,0,Centro-Oeste
520740,2007,0,Centro-Oeste
520740,2010,0,Centro-Oeste
520750,2007,0,Centro-Oeste
520750,2010,0,Centro-Oeste
520750,2010,0,Centro-Oeste
520750,2010,0,Centro-Oeste
520750,2010,0,Centro-Oeste
520753,2007,0,Centro-Oeste
520753,2010,0,Centro-Oeste
520760,2007,0,Centro-Oeste
520760,2010,0,Centro-Oeste
520780,2007,0,Centro-Oeste
520780,2010,0,Centro-Oeste
520790,2007,0,Centro-Oeste
520790,2010,0,Centro-Oeste
520800,2007,0,Centro-Oeste
520800,2010,0,Centro-Oeste
520810,2007,0,Centro-Oeste
520810,2010,0,Centro-Oeste
520810,2010,0,Centro-Oeste
520810,2010,0,Centro-Oeste
520810,2010,0,Centro-Oeste
520815,2007,0,Centro-Oeste
520815,2010,0,Centro-Oeste
520830,2007,0,Centro-Oeste
520830,2010,0,Centro-Oeste
520840,2007,0,Centro-Oeste
520840,2010,0,Centro-Oeste
520850,2007,0,Centro-Oeste
520850,2010,0,Centro-Oeste
520860,2007,0,Centro-Oeste
520860,2010,0,Centro-Oeste
520870,2007,1,Centro-Oeste
520870,2010,1,Centro-Oeste
520880,2007,0,Centro-Oeste
520880,2010,0,Centro-Oeste
520890,2007,0,Centro-Oeste
520890,2010,0,Centro-Oeste
520910,2007,0,Centro-Oeste
520910,2010,0,Centro-Oeste
520915,2007,0,Centro-Oeste
520915,2010,0,Centro-Oeste
520920,2007,0,Centro-Oeste
520920,2010,0,Centro-Oeste
520929,2007,0,Centro-Oeste
520929,2010,0,Centro-Oeste
520940,2007,0,Centro-Oeste
520940,2010,0,Centro-Oeste
520945,2007,0,Centro-Oeste
520945,2010,0,Centro-Oeste
520960,2007,0,Centro-Oeste
520960,2010,0,Centro-Oeste
520970,2007,0,Centro-Oeste
520970,2010,0,Centro-Oeste
520970,2010,0,Centro-Oeste
520970,2010,0,Centro-Oeste
520970,2010,0,Centro-Oeste
520980,2007,0,Centro-Oeste
520980,2010,0,Centro-Oeste
520990,2007,0,Centro-Oeste
520990,2010,0,Centro-Oeste
520993,2007,0,Centro-Oeste
520993,2010,0,Centro-Oeste
520995,2007,0,Centro-Oeste
520995,2010,0,Centro-Oeste
521000,2007,0,Centro-Oeste
521000,2010,0,Centro-Oeste
521010,2007,0,Centro-Oeste
521010,2010,0,Centro-Oeste
521015,2007,0,Centro-Oeste
521015,2010,0,Centro-Oeste
521020,2007,0,Centro-Oeste
521020,2010,0,Centro-Oeste
521020,2010,0,Centro-Oeste
521020,2010,0,Centro-Oeste
521020,2010,0,Centro-Oeste
521030,2007,0,Centro-Oeste
521030,2010,0,Centro-Oeste
521040,2007,0,Centro-Oeste
521040,2010,0,Centro-Oeste
521056,2007,0,Centro-Oeste
521056,2010,0,Centro-Oeste
521060,2007,0,Centro-Oeste
521060,2010,0,Centro-Oeste
521080,2007,0,Centro-Oeste
521080,2010,0,Centro-Oeste
521080,2010,0,Centro-Oeste
521080,2010,0,Centro-Oeste
521080,2010,0,Centro-Oeste
521090,2007,0,Centro-Oeste
521090,2010,0,Centro-Oeste
521100,2007,0,Centro-Oeste
521100,2010,0,Centro-Oeste
521120,2007,0,Centro-Oeste
521120,2010,0,Centro-Oeste
521130,2007,0,Centro-Oeste
521130,2010,0,Centro-Oeste
521140,2007,0,Centro-Oeste
521140,2010,0,Centro-Oeste
521150,2007,0,Centro-Oeste
521150,2010,0,Centro-Oeste
521160,2007,0,Centro-Oeste
521160,2010,0,Centro-Oeste
521170,2007,0,Centro-Oeste
521170,2010,0,Centro-Oeste
521180,2007,0,Centro-Oeste
521180,2010,0,Centro-Oeste
521190,2007,0,Centro-Oeste
521190,2010,0,Centro-Oeste
521200,2007,0,Centro-Oeste
521200,2010,0,Centro-Oeste
521205,2007,0,Centro-Oeste
521205,2010,0,Centro-Oeste
521210,2007,0,Centro-Oeste
521210,2010,0,Centro-Oeste
521220,2007,0,Centro-Oeste
521220,2010,0,Centro-Oeste
521220,2010,0,Centro-Oeste
521220,2010,0,Centro-Oeste
521220,2010,0,Centro-Oeste
521220,2010,0,Centro-Oeste
521220,2010,0,Centro-Oeste
521220,2010,0,Centro-Oeste
521220,2010,0,Centro-Oeste
521220,2010,0,Centro-Oeste
521225,2007,0,Centro-Oeste
521225,2010,0,Centro-Oeste
521225,2010,0,Centro-Oeste
521225,2010,0,Centro-Oeste
521225,2010,0,Centro-Oeste
521230,2007,0,Centro-Oeste
521230,2010,0,Centro-Oeste
521250,2007,0,Centro-Oeste
521250,2010,0,Centro-Oeste
521260,2007,0,Centro-Oeste
521260,2010,0,Centro-Oeste
521270,2007,0,Centro-Oeste
521270,2010,0,Centro-Oeste
521280,2007,0,Centro-Oeste
521280,2010,0,Centro-Oeste
521290,2007,0,Centro-Oeste
521290,2010,0,Centro-Oeste
521295,2007,0,Centro-Oeste
521295,2010,0,Centro-Oeste
521300,2007,0,Centro-Oeste
521300,2010,0,Centro-Oeste
521305,2007,0,Centro-Oeste
521305,2010,0,Centro-Oeste
521308,2007,0,Centro-Oeste
521308,2010,0,Centro-Oeste
521310,2007,0,Centro-Oeste
521310,2010,0,Centro-Oeste
521340,2007,0,Centro-Oeste
521340,2010,0,Centro-Oeste
521350,2007,0,Centro-Oeste
521350,2010,0,Centro-Oeste
521370,2007,0,Centro-Oeste
521370,2010,0,Centro-Oeste
521375,2007,0,Centro-Oeste
521375,2010,0,Centro-Oeste
521377,2007,0,Centro-Oeste
521377,2010,0,Centro-Oeste
521380,2007,0,Centro-Oeste
521380,2010,0,Centro-Oeste
521380,2010,0,Centro-Oeste
521380,2010,0,Centro-Oeste
521380,2010,0,Centro-Oeste
521385,2007,0,Centro-Oeste
521385,2010,0,Centro-Oeste
521390,2007,0,Centro-Oeste
521390,2010,0,Centro-Oeste
521400,2007,0,Centro-Oeste
521400,2010,0,Centro-Oeste
521405,2007,0,Centro-Oeste
521405,2010,0,Centro-Oeste
521405,2010,0,Centro-Oeste
521405,2010,0,Centro-Oeste
521405,2010,0,Centro-Oeste
521405,2010,0,Centro-Oeste
521405,2010,0,Centro-Oeste
521405,2010,0,Centro-Oeste
521405,2010,0,Centro-Oeste
521405,2010,0,Centro-Oeste
521410,2007,0,Centro-Oeste
521410,2010,0,Centro-Oeste
521440,2007,0,Centro-Oeste
521440,2010,0,Centro-Oeste
521450,2007,0,Centro-Oeste
521450,2010,0,Centro-Oeste
521460,2007,0,Centro-Oeste
521460,2010,0,Centro-Oeste
521470,2007,0,Centro-Oeste
521470,2010,0,Centro-Oeste
521480,2007,0,Centro-Oeste
521480,2010,0,Centro-Oeste
521480,2010,0,Centro-Oeste
521480,2010,0,Centro-Oeste
521480,2010,0,Centro-Oeste
521483,2007,0,Centro-Oeste
521483,2010,0,Centro-Oeste
521486,2007,0,Centro-Oeste
521486,2010,0,Centro-Oeste
521487,2007,0,Centro-Oeste
521487,2010,0,Centro-Oeste
521490,2007,0,Centro-Oeste
521490,2010,0,Centro-Oeste
521500,2007,0,Centro-Oeste
521500,2010,0,Centro-Oeste
521500,2010,0,Centro-Oeste
521500,2010,0,Centro-Oeste
521500,2010,0,Centro-Oeste
521520,2007,0,Centro-Oeste
521520,2010,0,Centro-Oeste
521523,2007,0,Centro-Oeste
521523,2010,0,Centro-Oeste
521525,2007,0,Centro-Oeste
521525,2010,0,Centro-Oeste
521530,2007,0,Centro-Oeste
521530,2010,0,Centro-Oeste
521540,2007,0,Centro-Oeste
521540,2010,0,Centro-Oeste
521550,2007,0,Centro-Oeste
521550,2010,0,Centro-Oeste
521560,2007,0,Centro-Oeste
521560,2010,0,Centro-Oeste
521565,2007,0,Centro-Oeste
521565,2010,0,Centro-Oeste
521570,2007,0,Centro-Oeste
521570,2010,0,Centro-Oeste
521580,2007,0,Centro-Oeste
521580,2010,0,Centro-Oeste
521590,2007,0,Centro-Oeste
521590,2010,0,Centro-Oeste
521600,2007,0,Centro-Oeste
521600,2010,0,Centro-Oeste
521630,2007,0,Centro-Oeste
521630,2010,0,Centro-Oeste
521640,2007,0,Centro-Oeste
521640,2010,0,Centro-Oeste
521645,2007,0,Centro-Oeste
521645,2010,0,Centro-Oeste
521680,2007,0,Centro-Oeste
521680,2010,0,Centro-Oeste
521690,2007,0,Centro-Oeste
521690,2010,0,Centro-Oeste
521710,2007,0,Centro-Oeste
521710,2010,0,Centro-Oeste
521720,2007,0,Centro-Oeste
521720,2010,0,Centro-Oeste
521720,2010,0,Centro-Oeste
521720,2010,0,Centro-Oeste
521720,2010,0,Centro-Oeste
521730,2007,0,Centro-Oeste
521730,2010,0,Centro-Oeste
521740,2007,0,Centro-Oeste
521740,2010,0,Centro-Oeste
521760,2007,0,Centro-Oeste
521760,2010,0,Centro-Oeste
521770,2007,0,Centro-Oeste
521770,2010,0,Centro-Oeste
521800,2007,0,Centro-Oeste
521800,2010,0,Centro-Oeste
521805,2007,0,Centro-Oeste
521805,2010,0,Centro-Oeste
521810,2007,0,Centro-Oeste
521810,2010,0,Centro-Oeste
521830,2007,0,Centro-Oeste
521830,2010,0,Centro-Oeste
521839,2007,0,Centro-Oeste
521839,2010,0,Centro-Oeste
521850,2007,0,Centro-Oeste
521850,2010,0,Centro-Oeste
521860,2007,0,Centro-Oeste
521860,2010,0,Centro-Oeste
521870,2007,0,Centro-Oeste
521870,2010,0,Centro-Oeste
521878,2007,0,Centro-Oeste
521878,2010,0,Centro-Oeste
521880,2007,0,Centro-Oeste
521880,2010,0,Centro-Oeste
521890,2007,0,Centro-Oeste
521890,2010,0,Centro-Oeste
521900,2007,0,Centro-Oeste
521900,2010,0,Centro-Oeste
521910,2007,0,Centro-Oeste
521910,2010,0,Centro-Oeste
521920,2007,0,Centro-Oeste
521920,2010,0,Centro-Oeste
521925,2007,0,Centro-Oeste
521925,2010,0,Centro-Oeste
521930,2007,0,Centro-Oeste
521930,2010,0,Centro-Oeste
521935,2007,0,Centro-Oeste
521935,2010,0,Centro-Oeste
521935,2010,0,Centro-Oeste
521935,2010,0,Centro-Oeste
521935,2010,0,Centro-Oeste
521940,2007,0,Centro-Oeste
521940,2010,0,Centro-Oeste
521945,2007,0,Centro-Oeste
521945,2010,0,Centro-Oeste
521950,2007,0,Centro-Oeste
521950,2010,0,Centro-Oeste
521960,2007,0,Centro-Oeste
521960,2010,0,Centro-Oeste
521970,2007,0,Centro-Oeste
521970,2010,0,Centro-Oeste
521971,2007,0,Centro-Oeste
521971,2010,0,Centro-Oeste
521973,2007,0,Centro-Oeste
521973,2010,0,Centro-Oeste
521975,2007,0,Centro-Oeste
521975,2010,0,Centro-Oeste
521980,2007,0,Centro-Oeste
521980,2010,0,Centro-Oeste
521980,2010,0,Centro-Oeste
521980,2010,0,Centro-Oeste
521980,2010,0,Centro-Oeste
521980,2010,0,Centro-Oeste
521980,2010,0,Centro-Oeste
521980,2010,0,Centro-Oeste
521980,2010,0,Centro-Oeste
521980,2010,0,Centro-Oeste
521980,2010,0,Centro-Oeste
521980,2010,0,Centro-Oeste
521980,2010,0,Centro-Oeste
521980,2010,0,Centro-Oeste
521980,2010,0,Centro-Oeste
521980,2010,0,Centro-Oeste
521980,2010,0,Centro-Oeste
521980,2010,0,Centro-Oeste
521980,2010,0,Centro-Oeste
521980,2010,0,Centro-Oeste
521980,2010,0,Centro-Oeste
521980,2010,0,Centro-Oeste
521980,2010,0,Centro-Oeste
521980,2010,0,Centro-Oeste
521980,2010,0,Centro-Oeste
521980,2010,0,Centro-Oeste
521990,2007,0,Centro-Oeste
521990,2010,0,Centro-Oeste
522000,2007,0,Centro-Oeste
522000,2010,0,Centro-Oeste
522005,2007,0,Centro-Oeste
522005,2010,0,Centro-Oeste
522010,2007,0,Centro-Oeste
522010,2010,0,Centro-Oeste
522015,2007,0,Centro-Oeste
522015,2010,0,Centro-Oeste
522020,2007,0,Centro-Oeste
522020,2010,0,Centro-Oeste
522026,2007,0,Centro-Oeste
522026,2010,0,Centro-Oeste
522028,2007,0,Centro-Oeste
522028,2010,0,Centro-Oeste
522040,2007,0,Centro-Oeste
522040,2010,0,Centro-Oeste
522040,2010,0,Centro-Oeste
522040,2010,0,Centro-Oeste
522040,2010,0,Centro-Oeste
522045,2007,0,Centro-Oeste
522045,2010,0,Centro-Oeste
522050,2007,0,Centro-Oeste
522050,2010,0,Centro-Oeste
522060,2007,0,Centro-Oeste
522060,2010,0,Centro-Oeste
522068,2007,0,Centro-Oeste
522068,2010,0,Centro-Oeste
522070,2007,0,Centro-Oeste
522070,2010,0,Centro-Oeste
522100,2007,0,Centro-Oeste
522100,2010,0,Centro-Oeste
522108,2007,0,Centro-Oeste
522108,2010,0,Centro-Oeste
522119,2007,0,Centro-Oeste
522119,2010,0,Centro-Oeste
522130,2007,0,Centro-Oeste
522130,2010,0,Centro-Oeste
522140,2007,0,Centro-Oeste
522140,2010,0,Centro-Oeste
522140,2010,0,Centro-Oeste
522140,2010,0,Centro-Oeste
522140,2010,0,Centro-Oeste
522145,2007,0,Centro-Oeste
522145,2010,0,Centro-Oeste
522150,2007,0,Centro-Oeste
522150,2010,0,Centro-Oeste
522155,2007,0,Centro-Oeste
522155,2010,0,Centro-Oeste
522157,2007,0,Centro-Oeste
522157,2010,0,Centro-Oeste
522160,2007,0,Centro-Oeste
522160,2010,0,Centro-Oeste
522170,2007,0,Centro-Oeste
522170,2010,0,Centro-Oeste
522180,2007,0,Centro-Oeste
522180,2010,0,Centro-Oeste
522185,2007,0,Centro-Oeste
522185,2010,0,Centro-Oeste
522190,2007,0,Centro-Oeste
522190,2010,0,Centro-Oeste
522200,2007,0,Centro-Oeste
522200,2010,0,Centro-Oeste
522205,2007,0,Centro-Oeste
522205,2010,0,Centro-Oeste
522220,2007,0,Centro-Oeste
522220,2010,0,Centro-Oeste
522230,2007,0,Centro-Oeste
522230,2010,0,Centro-Oeste
530010,2007,1,Centro-Oeste
530010,2010,1,Centro-Oeste
